name,title,province_name,province_price
黄桃,一亩田2020-06-16黄桃价格行情分布,湖南,8.38
黄桃,一亩田2020-06-16黄桃价格行情分布,河南,3.3
黄桃,一亩田2020-06-16黄桃价格行情分布,河北,4.8
黄桃,一亩田2020-06-16黄桃价格行情分布,重庆,6.5
鲜枣,一亩田2020-06-16鲜枣价格行情分布,青海,15
鲜枣,一亩田2020-06-16鲜枣价格行情分布,广东,29.53
杏,一亩田2020-06-16杏价格行情分布,河南,1.4
水蜜桃,一亩田2020-06-16水蜜桃价格行情分布,河南,2.68
水蜜桃,一亩田2020-06-16水蜜桃价格行情分布,安徽,3.43
李子,一亩田2020-06-16李子价格行情分布,云南,6.86
李子,一亩田2020-06-16李子价格行情分布,福建,2.71
西瓜,一亩田2020-06-16西瓜价格行情分布,甘肃,0.75
西瓜,一亩田2020-06-16西瓜价格行情分布,广西,0.75
梨,一亩田2020-06-16梨价格行情分布,河北,1.37
樱桃,一亩田2020-06-16樱桃价格行情分布,安徽,4.66
樱桃,一亩田2020-06-16樱桃价格行情分布,海南,16.06
黄桃,一亩田2020-06-16黄桃价格行情分布,山东,4.43
黄桃,一亩田2020-06-16黄桃价格行情分布,北京,4.8
鲜枣,一亩田2020-06-16鲜枣价格行情分布,山东,9.68
鲜枣,一亩田2020-06-16鲜枣价格行情分布,四川,10.53
鲜枣,一亩田2020-06-16鲜枣价格行情分布,江西,9
杏,一亩田2020-06-16杏价格行情分布,陕西,3.67
杏,一亩田2020-06-16杏价格行情分布,安徽,1.6
杏,一亩田2020-06-16杏价格行情分布,湖北,0.46
水蜜桃,一亩田2020-06-16水蜜桃价格行情分布,辽宁,5.65
水蜜桃,一亩田2020-06-16水蜜桃价格行情分布,江苏,6.89
水蜜桃,一亩田2020-06-16水蜜桃价格行情分布,贵州,4.2
李子,一亩田2020-06-16李子价格行情分布,辽宁,2.87
李子,一亩田2020-06-16李子价格行情分布,湖北,4.72
西瓜,一亩田2020-06-16西瓜价格行情分布,内蒙古,0.48
西瓜,一亩田2020-06-16西瓜价格行情分布,浙江,1.47
西瓜,一亩田2020-06-16西瓜价格行情分布,黑龙江,0.9
梨,一亩田2020-06-16梨价格行情分布,甘肃,1.69
梨,一亩田2020-06-16梨价格行情分布,浙江,3.39
樱桃,一亩田2020-06-16樱桃价格行情分布,浙江,25.09
樱桃,一亩田2020-06-16樱桃价格行情分布,河北,19.11
黄桃,一亩田2020-06-16黄桃价格行情分布,湖北,4.22
鲜枣,一亩田2020-06-16鲜枣价格行情分布,福建,3.33
杏,一亩田2020-06-16杏价格行情分布,甘肃,9.59
杏,一亩田2020-06-16杏价格行情分布,辽宁,9.11
杏,一亩田2020-06-16杏价格行情分布,河北,1.46
水蜜桃,一亩田2020-06-16水蜜桃价格行情分布,云南,5.45
水蜜桃,一亩田2020-06-16水蜜桃价格行情分布,湖北,7.28
水蜜桃,一亩田2020-06-16水蜜桃价格行情分布,山东,3.13
李子,一亩田2020-06-16李子价格行情分布,天津,2
李子,一亩田2020-06-16李子价格行情分布,山西,1.67
李子,一亩田2020-06-16李子价格行情分布,广东,7.3
西瓜,一亩田2020-06-16西瓜价格行情分布,山西,1.12
西瓜,一亩田2020-06-16西瓜价格行情分布,江西,0.98
西瓜,一亩田2020-06-16西瓜价格行情分布,北京,1.42
西瓜,一亩田2020-06-16西瓜价格行情分布,重庆,1.41
梨,一亩田2020-06-16梨价格行情分布,云南,4.24
梨,一亩田2020-06-16梨价格行情分布,福建,2.55
梨,一亩田2020-06-16梨价格行情分布,江西,3.31
樱桃,一亩田2020-06-16樱桃价格行情分布,新疆,21.66
樱桃,一亩田2020-06-16樱桃价格行情分布,辽宁,20.23
樱桃,一亩田2020-06-16樱桃价格行情分布,贵州,11.6
樱桃,一亩田2020-06-16樱桃价格行情分布,湖北,25.03
黄桃,一亩田2020-06-16黄桃价格行情分布,云南,6.5
黄桃,一亩田2020-06-16黄桃价格行情分布,江西,11.5
黄桃,一亩田2020-06-16黄桃价格行情分布,陕西,2.09
鲜枣,一亩田2020-06-16鲜枣价格行情分布,湖南,20
鲜枣,一亩田2020-06-16鲜枣价格行情分布,河南,5.4
杏,一亩田2020-06-16杏价格行情分布,山东,4.25
杏,一亩田2020-06-16杏价格行情分布,山西,2.86
杏,一亩田2020-06-16杏价格行情分布,云南,5
水蜜桃,一亩田2020-06-16水蜜桃价格行情分布,浙江,5.81
水蜜桃,一亩田2020-06-16水蜜桃价格行情分布,北京,7.15
水蜜桃,一亩田2020-06-16水蜜桃价格行情分布,福建,6.88
水蜜桃,一亩田2020-06-16水蜜桃价格行情分布,甘肃,3.06
李子,一亩田2020-06-16李子价格行情分布,山东,2.27
李子,一亩田2020-06-16李子价格行情分布,江苏,7.5
李子,一亩田2020-06-16李子价格行情分布,安徽,1
李子,一亩田2020-06-16李子价格行情分布,江西,6.36
西瓜,一亩田2020-06-16西瓜价格行情分布,河南,0.82
西瓜,一亩田2020-06-16西瓜价格行情分布,安徽,0.92
西瓜,一亩田2020-06-16西瓜价格行情分布,四川,1.12
西瓜,一亩田2020-06-16西瓜价格行情分布,江苏,1.15
梨,一亩田2020-06-16梨价格行情分布,辽宁,1.31
梨,一亩田2020-06-16梨价格行情分布,内蒙古,2.12
樱桃,一亩田2020-06-16樱桃价格行情分布,陕西,20.28
樱桃,一亩田2020-06-16樱桃价格行情分布,山西,22.71
毛桃,一亩田2020-06-16毛桃价格行情分布,江苏,4.25
毛桃,一亩田2020-06-16毛桃价格行情分布,江西,0.89
毛桃,一亩田2020-06-16毛桃价格行情分布,云南,2.42
刺角瓜,一亩田2020-06-16刺角瓜价格行情分布,浙江,15
刺角瓜,一亩田2020-06-16刺角瓜价格行情分布,福建,8
刺角瓜,一亩田2020-06-16刺角瓜价格行情分布,安徽,19
油桃,一亩田2020-06-16油桃价格行情分布,辽宁,2.94
油桃,一亩田2020-06-16油桃价格行情分布,浙江,1.65
甜瓜,一亩田2020-06-16甜瓜价格行情分布,四川,2.14
甜瓜,一亩田2020-06-16甜瓜价格行情分布,内蒙古,11.24
哈密瓜,一亩田2020-06-16哈密瓜价格行情分布,河南,1.25
哈密瓜,一亩田2020-06-16哈密瓜价格行情分布,广东,1.49
哈密瓜,一亩田2020-06-16哈密瓜价格行情分布,四川,1.64
黄桃,一亩田2020-06-16黄桃价格行情分布,浙江,5.23
黄桃,一亩田2020-06-16黄桃价格行情分布,贵州,10.09
苹果,一亩田2020-06-16苹果价格行情分布,北京,3.1
鲜枣,一亩田2020-06-16鲜枣价格行情分布,宁夏,8.25
鲜枣,一亩田2020-06-16鲜枣价格行情分布,陕西,16.57
鲜枣,一亩田2020-06-16鲜枣价格行情分布,安徽,11
鲜枣,一亩田2020-06-16鲜枣价格行情分布,甘肃,6.23
杏,一亩田2020-06-16杏价格行情分布,北京,1.5
杏,一亩田2020-06-16杏价格行情分布,宁夏,10.08
杏,一亩田2020-06-16杏价格行情分布,浙江,5
杏,一亩田2020-06-16杏价格行情分布,四川,5.44
脆瓜,一亩田2020-06-16脆瓜价格行情分布,安徽,0.65
脆瓜,一亩田2020-06-16脆瓜价格行情分布,四川,1.1
脆瓜,一亩田2020-06-16脆瓜价格行情分布,陕西,6.8
脆瓜,一亩田2020-06-16脆瓜价格行情分布,甘肃,7
水蜜桃,一亩田2020-06-16水蜜桃价格行情分布,山西,3.22
水蜜桃,一亩田2020-06-16水蜜桃价格行情分布,广西,3
水蜜桃,一亩田2020-06-16水蜜桃价格行情分布,陕西,5.13
人参果,一亩田2020-06-16人参果价格行情分布,河南,18.8
人参果,一亩田2020-06-16人参果价格行情分布,广西,0.6
李子,一亩田2020-06-16李子价格行情分布,甘肃,4
李子,一亩田2020-06-16李子价格行情分布,湖南,4.07
李子,一亩田2020-06-16李子价格行情分布,广西,3.34
西瓜,一亩田2020-06-16西瓜价格行情分布,吉林,0.7
西瓜,一亩田2020-06-16西瓜价格行情分布,天津,1.61
西瓜,一亩田2020-06-16西瓜价格行情分布,海南,0.97
西瓜,一亩田2020-06-16西瓜价格行情分布,湖南,1.16
梨,一亩田2020-06-16梨价格行情分布,山西,2.34
梨,一亩田2020-06-16梨价格行情分布,陕西,1.58
梨,一亩田2020-06-16梨价格行情分布,贵州,2.73
樱桃,一亩田2020-06-16樱桃价格行情分布,江苏,18.02
樱桃,一亩田2020-06-16樱桃价格行情分布,上海,50
毛桃,一亩田2020-06-16毛桃价格行情分布,浙江,2.19
毛桃,一亩田2020-06-16毛桃价格行情分布,河南,1.66
毛桃,一亩田2020-06-16毛桃价格行情分布,甘肃,1.39
毛桃,一亩田2020-06-16毛桃价格行情分布,贵州,2.38
毛桃,一亩田2020-06-16毛桃价格行情分布,四川,2.51
刺角瓜,一亩田2020-06-16刺角瓜价格行情分布,江西,10
刺角瓜,一亩田2020-06-16刺角瓜价格行情分布,湖南,5.25
油桃,一亩田2020-06-16油桃价格行情分布,贵州,1.5
油桃,一亩田2020-06-16油桃价格行情分布,福建,1.61
甜瓜,一亩田2020-06-16甜瓜价格行情分布,广东,1.82
甜瓜,一亩田2020-06-16甜瓜价格行情分布,福建,0.95
甜瓜,一亩田2020-06-16甜瓜价格行情分布,云南,2.11
甜瓜,一亩田2020-06-16甜瓜价格行情分布,山西,2.32
哈密瓜,一亩田2020-06-16哈密瓜价格行情分布,湖南,1.39
哈密瓜,一亩田2020-06-16哈密瓜价格行情分布,新疆,1.8
哈密瓜,一亩田2020-06-16哈密瓜价格行情分布,江苏,1
哈密瓜,一亩田2020-06-16哈密瓜价格行情分布,黑龙江,1
黄桃,一亩田2020-06-16黄桃价格行情分布,四川,7.37
黄桃,一亩田2020-06-16黄桃价格行情分布,安徽,2.56
黄桃,一亩田2020-06-16黄桃价格行情分布,广西,3.02
黄桃,一亩田2020-06-16黄桃价格行情分布,上海,7.17
苹果,一亩田2020-06-16苹果价格行情分布,江西,0.86
苹果,一亩田2020-06-16苹果价格行情分布,广东,1.19
苹果,一亩田2020-06-16苹果价格行情分布,吉林,1.38
苹果,一亩田2020-06-16苹果价格行情分布,广西,1.44
鲜枣,一亩田2020-06-16鲜枣价格行情分布,河北,12.26
鲜枣,一亩田2020-06-16鲜枣价格行情分布,江苏,20.41
鲜枣,一亩田2020-06-16鲜枣价格行情分布,云南,12.48
鲜枣,一亩田2020-06-16鲜枣价格行情分布,浙江,7.25
杏,一亩田2020-06-16杏价格行情分布,江苏,2.4
杏,一亩田2020-06-16杏价格行情分布,新疆,12.26
脆瓜,一亩田2020-06-16脆瓜价格行情分布,海南,17.13
脆瓜,一亩田2020-06-16脆瓜价格行情分布,湖北,1.26
脆瓜,一亩田2020-06-16脆瓜价格行情分布,浙江,1.15
水蜜桃,一亩田2020-06-16水蜜桃价格行情分布,广东,7.37
水蜜桃,一亩田2020-06-16水蜜桃价格行情分布,湖南,2.38
水蜜桃,一亩田2020-06-16水蜜桃价格行情分布,江西,12.19
人参果,一亩田2020-06-16人参果价格行情分布,云南,6.63
人参果,一亩田2020-06-16人参果价格行情分布,吉林,6
人参果,一亩田2020-06-16人参果价格行情分布,陕西,39.66
人参果,一亩田2020-06-16人参果价格行情分布,青海,44.66
李子,一亩田2020-06-16李子价格行情分布,吉林,2.56
李子,一亩田2020-06-16李子价格行情分布,陕西,2.52
李子,一亩田2020-06-16李子价格行情分布,河南,3.26
李子,一亩田2020-06-16李子价格行情分布,四川,5.51
西瓜,一亩田2020-06-16西瓜价格行情分布,宁夏,0.71
西瓜,一亩田2020-06-16西瓜价格行情分布,贵州,1.22
西瓜,一亩田2020-06-16西瓜价格行情分布,上海,1.46
西瓜,一亩田2020-06-16西瓜价格行情分布,新疆,0.53
梨,一亩田2020-06-16梨价格行情分布,河南,1.88
梨,一亩田2020-06-16梨价格行情分布,湖南,1.82
梨,一亩田2020-06-16梨价格行情分布,新疆,8.89
樱桃,一亩田2020-06-16樱桃价格行情分布,北京,34.46
樱桃,一亩田2020-06-16樱桃价格行情分布,山东,17.29
樱桃,一亩田2020-06-16樱桃价格行情分布,四川,30.22
樱桃,一亩田2020-06-16樱桃价格行情分布,甘肃,14.7
毛桃,一亩田2020-06-16毛桃价格行情分布,北京,3.44
毛桃,一亩田2020-06-16毛桃价格行情分布,河北,1.84
毛桃,一亩田2020-06-16毛桃价格行情分布,广西,25.14
毛桃,一亩田2020-06-16毛桃价格行情分布,陕西,1.58
油桃,一亩田2020-06-16油桃价格行情分布,河北,1.93
油桃,一亩田2020-06-16油桃价格行情分布,陕西,1.61
油桃,一亩田2020-06-16油桃价格行情分布,湖南,3.99
甜瓜,一亩田2020-06-16甜瓜价格行情分布,辽宁,2
甜瓜,一亩田2020-06-16甜瓜价格行情分布,河北,2.1
哈密瓜,一亩田2020-06-16哈密瓜价格行情分布,河北,1.1
哈密瓜,一亩田2020-06-16哈密瓜价格行情分布,吉林,1
哈密瓜,一亩田2020-06-16哈密瓜价格行情分布,陕西,1.5
黄桃,一亩田2020-06-16黄桃价格行情分布,辽宁,3.45
黄桃,一亩田2020-06-16黄桃价格行情分布,江苏,5.49
苹果,一亩田2020-06-16苹果价格行情分布,陕西,2.39
苹果,一亩田2020-06-16苹果价格行情分布,黑龙江,1.14
鲜枣,一亩田2020-06-16鲜枣价格行情分布,新疆,19.43
鲜枣,一亩田2020-06-16鲜枣价格行情分布,山西,10.47
脆瓜,一亩田2020-06-16脆瓜价格行情分布,河南,3
脆瓜,一亩田2020-06-16脆瓜价格行情分布,山东,2.36
水蜜桃,一亩田2020-06-16水蜜桃价格行情分布,河北,3.67
水蜜桃,一亩田2020-06-16水蜜桃价格行情分布,四川,3.81
人参果,一亩田2020-06-16人参果价格行情分布,甘肃,2.98
人参果,一亩田2020-06-16人参果价格行情分布,辽宁,1.4
李子,一亩田2020-06-16李子价格行情分布,河北,8.44
李子,一亩田2020-06-16李子价格行情分布,新疆,16.39
李子,一亩田2020-06-16李子价格行情分布,西藏,3.42
西瓜,一亩田2020-06-16西瓜价格行情分布,云南,1.19
西瓜,一亩田2020-06-16西瓜价格行情分布,湖北,0.79
西瓜,一亩田2020-06-16西瓜价格行情分布,陕西,0.92
西瓜,一亩田2020-06-16西瓜价格行情分布,河北,0.82
梨,一亩田2020-06-16梨价格行情分布,湖北,5.31
梨,一亩田2020-06-16梨价格行情分布,上海,3.17
梨,一亩田2020-06-16梨价格行情分布,安徽,2.07
樱桃,一亩田2020-06-16樱桃价格行情分布,广东,25.5
樱桃,一亩田2020-06-16樱桃价格行情分布,云南,50.3
毛桃,一亩田2020-06-16毛桃价格行情分布,山东,2.21
毛桃,一亩田2020-06-16毛桃价格行情分布,安徽,2.26
油桃,一亩田2020-06-16油桃价格行情分布,湖北,1.44
油桃,一亩田2020-06-16油桃价格行情分布,内蒙古,1.68
油桃,一亩田2020-06-16油桃价格行情分布,江苏,2.98
油桃,一亩田2020-06-16油桃价格行情分布,甘肃,1.75
甜瓜,一亩田2020-06-16甜瓜价格行情分布,上海,2.08
甜瓜,一亩田2020-06-16甜瓜价格行情分布,重庆,12
甜瓜,一亩田2020-06-16甜瓜价格行情分布,江西,2.09
甜瓜,一亩田2020-06-16甜瓜价格行情分布,浙江,1.44
哈密瓜,一亩田2020-06-16哈密瓜价格行情分布,贵州,1.53
哈密瓜,一亩田2020-06-16哈密瓜价格行情分布,江西,1
哈密瓜,一亩田2020-06-16哈密瓜价格行情分布,福建,1
苹果,一亩田2020-06-16苹果价格行情分布,天津,1.11
苹果,一亩田2020-06-16苹果价格行情分布,山西,2.09
苹果,一亩田2020-06-16苹果价格行情分布,新疆,13.44
人参果,一亩田2020-06-16人参果价格行情分布,江苏,7
人参果,一亩田2020-06-16人参果价格行情分布,山东,2
李子,一亩田2020-06-16李子价格行情分布,浙江,14.44
李子,一亩田2020-06-16李子价格行情分布,重庆,4.98
西瓜,一亩田2020-06-16西瓜价格行情分布,山东,0.89
西瓜,一亩田2020-06-16西瓜价格行情分布,辽宁,0.72
西瓜,一亩田2020-06-16西瓜价格行情分布,广东,1.02
梨,一亩田2020-06-16梨价格行情分布,山东,2.43
梨,一亩田2020-06-16梨价格行情分布,江苏,2.27
梨,一亩田2020-06-16梨价格行情分布,广东,12.71
梨,一亩田2020-06-16梨价格行情分布,吉林,1.6
樱桃,一亩田2020-06-16樱桃价格行情分布,江西,23.66
樱桃,一亩田2020-06-16樱桃价格行情分布,河南,14.29
毛桃,一亩田2020-06-16毛桃价格行情分布,重庆,3.15
羊奶果,一亩田2020-06-16羊奶果价格行情分布,贵州,15
柑桔,一亩田2020-06-16柑桔价格行情分布,江西,2.13
柑桔,一亩田2020-06-16柑桔价格行情分布,河南,0.77
柑桔,一亩田2020-06-16柑桔价格行情分布,重庆,1.07
八月瓜,一亩田2020-06-16八月瓜价格行情分布,山东,15
八月瓜,一亩田2020-06-16八月瓜价格行情分布,浙江,20
八月瓜,一亩田2020-06-16八月瓜价格行情分布,陕西,12
刺梨,一亩田2020-06-16刺梨价格行情分布,安徽,7.64
刺梨,一亩田2020-06-16刺梨价格行情分布,四川,4.6
刺梨,一亩田2020-06-16刺梨价格行情分布,贵州,31.47
枸橘果,一亩田2020-06-16枸橘果价格行情分布,山东,9.23
枸橘果,一亩田2020-06-16枸橘果价格行情分布,广西,2.92
地稔,一亩田2020-06-16地稔价格行情分布,广东,12.6
猫屎瓜,一亩田2020-06-16猫屎瓜价格行情分布,云南,48.33
橙子,一亩田2020-06-16橙子价格行情分布,江西,4.76
橙子,一亩田2020-06-16橙子价格行情分布,湖北,1.68
油桃,一亩田2020-06-16油桃价格行情分布,广西,1.7
油桃,一亩田2020-06-16油桃价格行情分布,云南,2.14
油桃,一亩田2020-06-16油桃价格行情分布,安徽,1.3
油桃,一亩田2020-06-16油桃价格行情分布,四川,1.91
甜瓜,一亩田2020-06-16甜瓜价格行情分布,安徽,0.98
甜瓜,一亩田2020-06-16甜瓜价格行情分布,甘肃,2.32
甜瓜,一亩田2020-06-16甜瓜价格行情分布,广西,3.25
甜瓜,一亩田2020-06-16甜瓜价格行情分布,湖南,2.13
哈密瓜,一亩田2020-06-16哈密瓜价格行情分布,山东,1.52
哈密瓜,一亩田2020-06-16哈密瓜价格行情分布,西藏,1.58
哈密瓜,一亩田2020-06-16哈密瓜价格行情分布,湖北,1
哈密瓜,一亩田2020-06-16哈密瓜价格行情分布,宁夏,1.75
苹果,一亩田2020-06-16苹果价格行情分布,河南,3.43
苹果,一亩田2020-06-16苹果价格行情分布,河北,1.37
苹果,一亩田2020-06-16苹果价格行情分布,上海,2.77
苹果,一亩田2020-06-16苹果价格行情分布,山东,2.09
李子,一亩田2020-06-16李子价格行情分布,贵州,10.32
西瓜,一亩田2020-06-16西瓜价格行情分布,福建,0.9
梨,一亩田2020-06-16梨价格行情分布,广西,2.29
梨,一亩田2020-06-16梨价格行情分布,四川,3.48
毛桃,一亩田2020-06-16毛桃价格行情分布,天津,1.95
毛桃,一亩田2020-06-16毛桃价格行情分布,广东,6
毛桃,一亩田2020-06-16毛桃价格行情分布,山西,3.95
毛桃,一亩田2020-06-16毛桃价格行情分布,湖南,3.78
羊奶果,一亩田2020-06-16羊奶果价格行情分布,安徽,60
羊奶果,一亩田2020-06-16羊奶果价格行情分布,云南,17.5
柑桔,一亩田2020-06-16柑桔价格行情分布,广东,7.66
柑桔,一亩田2020-06-16柑桔价格行情分布,山西,0.6
柑桔,一亩田2020-06-16柑桔价格行情分布,河北,2.45
八月瓜,一亩田2020-06-16八月瓜价格行情分布,贵州,8.73
八月瓜,一亩田2020-06-16八月瓜价格行情分布,湖南,14.62
八月瓜,一亩田2020-06-16八月瓜价格行情分布,安徽,14.55
枸橘果,一亩田2020-06-16枸橘果价格行情分布,四川,0.05
枸橘果,一亩田2020-06-16枸橘果价格行情分布,安徽,99
橙子,一亩田2020-06-16橙子价格行情分布,陕西,1.45
橙子,一亩田2020-06-16橙子价格行情分布,四川,4.63
油桃,一亩田2020-06-16油桃价格行情分布,河南,1.49
油桃,一亩田2020-06-16油桃价格行情分布,山西,1.2
油桃,一亩田2020-06-16油桃价格行情分布,山东,2.12
甜瓜,一亩田2020-06-16甜瓜价格行情分布,新疆,4.96
甜瓜,一亩田2020-06-16甜瓜价格行情分布,吉林,2.86
甜瓜,一亩田2020-06-16甜瓜价格行情分布,天津,1.95
甜瓜,一亩田2020-06-16甜瓜价格行情分布,河南,1.97
哈密瓜,一亩田2020-06-16哈密瓜价格行情分布,安徽,1.05
哈密瓜,一亩田2020-06-16哈密瓜价格行情分布,青海,1.73
哈密瓜,一亩田2020-06-16哈密瓜价格行情分布,浙江,1.29
哈密瓜,一亩田2020-06-16哈密瓜价格行情分布,云南,1.79
苹果,一亩田2020-06-16苹果价格行情分布,湖北,2.9
苹果,一亩田2020-06-16苹果价格行情分布,浙江,1.69
苹果,一亩田2020-06-16苹果价格行情分布,福建,8.98
梨,一亩田2020-06-16梨价格行情分布,重庆,4.9
毛桃,一亩田2020-06-16毛桃价格行情分布,辽宁,7.81
毛桃,一亩田2020-06-16毛桃价格行情分布,湖北,1.75
柑桔,一亩田2020-06-16柑桔价格行情分布,天津,1.25
柑桔,一亩田2020-06-16柑桔价格行情分布,江苏,3.19
柑桔,一亩田2020-06-16柑桔价格行情分布,青海,3
八月瓜,一亩田2020-06-16八月瓜价格行情分布,江西,17.04
八月瓜,一亩田2020-06-16八月瓜价格行情分布,湖北,12.33
八月瓜,一亩田2020-06-16八月瓜价格行情分布,四川,11.55
八月瓜,一亩田2020-06-16八月瓜价格行情分布,广西,16
橙子,一亩田2020-06-16橙子价格行情分布,内蒙古,1.4
橙子,一亩田2020-06-16橙子价格行情分布,福建,3.09
橙子,一亩田2020-06-16橙子价格行情分布,江苏,9
橙子,一亩田2020-06-16橙子价格行情分布,云南,4.8
油桃,一亩田2020-06-16油桃价格行情分布,天津,2.19
油桃,一亩田2020-06-16油桃价格行情分布,广东,3.31
油桃,一亩田2020-06-16油桃价格行情分布,新疆,3.99
油桃,一亩田2020-06-16油桃价格行情分布,上海,1.78
甜瓜,一亩田2020-06-16甜瓜价格行情分布,陕西,2.15
甜瓜,一亩田2020-06-16甜瓜价格行情分布,湖北,1.14
甜瓜,一亩田2020-06-16甜瓜价格行情分布,山东,2.32
甜瓜,一亩田2020-06-16甜瓜价格行情分布,海南,0.97
哈密瓜,一亩田2020-06-16哈密瓜价格行情分布,广西,1.93
哈密瓜,一亩田2020-06-16哈密瓜价格行情分布,内蒙古,0.96
哈密瓜,一亩田2020-06-16哈密瓜价格行情分布,北京,1
苹果,一亩田2020-06-16苹果价格行情分布,江苏,1.71
苹果,一亩田2020-06-16苹果价格行情分布,辽宁,2.32
苹果,一亩田2020-06-16苹果价格行情分布,贵州,1.35
柑桔,一亩田2020-06-16柑桔价格行情分布,西藏,3
柑桔,一亩田2020-06-16柑桔价格行情分布,宁夏,1.85
柑桔,一亩田2020-06-16柑桔价格行情分布,陕西,2.03
柑桔,一亩田2020-06-16柑桔价格行情分布,新疆,3
八月瓜,一亩田2020-06-16八月瓜价格行情分布,云南,15
橙子,一亩田2020-06-16橙子价格行情分布,湖南,4.32
橙子,一亩田2020-06-16橙子价格行情分布,河北,1.04
橙子,一亩田2020-06-16橙子价格行情分布,浙江,1.1
油桃,一亩田2020-06-16油桃价格行情分布,重庆,1.83
油桃,一亩田2020-06-16油桃价格行情分布,北京,3.65
甜瓜,一亩田2020-06-16甜瓜价格行情分布,江苏,6.38
甜瓜,一亩田2020-06-16甜瓜价格行情分布,黑龙江,4.87
哈密瓜,一亩田2020-06-16哈密瓜价格行情分布,天津,0.96
哈密瓜,一亩田2020-06-16哈密瓜价格行情分布,上海,1
哈密瓜,一亩田2020-06-16哈密瓜价格行情分布,重庆,1
苹果,一亩田2020-06-16苹果价格行情分布,安徽,1.63
苹果,一亩田2020-06-16苹果价格行情分布,宁夏,1.54
苹果,一亩田2020-06-16苹果价格行情分布,内蒙古,1.57
柑桔,一亩田2020-06-16柑桔价格行情分布,浙江,3.88
柑桔,一亩田2020-06-16柑桔价格行情分布,上海,1.25
柑桔,一亩田2020-06-16柑桔价格行情分布,湖北,1.23
柑桔,一亩田2020-06-16柑桔价格行情分布,安徽,9.22
橙子,一亩田2020-06-16橙子价格行情分布,北京,1.33
橙子,一亩田2020-06-16橙子价格行情分布,海南,7
哈密瓜,一亩田2020-06-16哈密瓜价格行情分布,海南,1.99
哈密瓜,一亩田2020-06-16哈密瓜价格行情分布,甘肃,1.85
哈密瓜,一亩田2020-06-16哈密瓜价格行情分布,辽宁,1.1
苹果,一亩田2020-06-16苹果价格行情分布,四川,2.41
苹果,一亩田2020-06-16苹果价格行情分布,湖南,2.15
苹果,一亩田2020-06-16苹果价格行情分布,海南,2.25
苹果,一亩田2020-06-16苹果价格行情分布,云南,15.17
柑桔,一亩田2020-06-16柑桔价格行情分布,广西,2.86
柑桔,一亩田2020-06-16柑桔价格行情分布,黑龙江,2.46
柑桔,一亩田2020-06-16柑桔价格行情分布,甘肃,1.48
柑桔,一亩田2020-06-16柑桔价格行情分布,辽宁,8.02
橙子,一亩田2020-06-16橙子价格行情分布,山东,0.2
橙子,一亩田2020-06-16橙子价格行情分布,新疆,16.66
橙子,一亩田2020-06-16橙子价格行情分布,广东,7.53
橙子,一亩田2020-06-16橙子价格行情分布,广西,2.97
哈密瓜,一亩田2020-06-16哈密瓜价格行情分布,山西,1.08
苹果,一亩田2020-06-16苹果价格行情分布,甘肃,3.55
苹果,一亩田2020-06-16苹果价格行情分布,重庆,1.28
柑桔,一亩田2020-06-16柑桔价格行情分布,吉林,2.46
柑桔,一亩田2020-06-16柑桔价格行情分布,海南,2.07
柑桔,一亩田2020-06-16柑桔价格行情分布,贵州,2.97
酸角,一亩田2020-06-16酸角价格行情分布,云南,8.97
酸角,一亩田2020-06-16酸角价格行情分布,海南,25
蓝靛果,一亩田2020-06-16蓝靛果价格行情分布,黑龙江,30
沙棘果,一亩田2020-06-16沙棘果价格行情分布,甘肃,20
树莓果,一亩田2020-06-16树莓果价格行情分布,浙江,30
树莓果,一亩田2020-06-16树莓果价格行情分布,山东,40
仙人掌果,一亩田2020-06-16仙人掌果价格行情分布,河北,0.9
仙人掌果,一亩田2020-06-16仙人掌果价格行情分布,海南,6.6
仙人掌果,一亩田2020-06-16仙人掌果价格行情分布,湖南,12
拐枣,一亩田2020-06-16拐枣价格行情分布,云南,15
拐枣,一亩田2020-06-16拐枣价格行情分布,广西,19.25
黑莓,一亩田2020-06-16黑莓价格行情分布,山东,0.75
黑莓,一亩田2020-06-16黑莓价格行情分布,江苏,3.46
白刺果,一亩田2020-06-16白刺果价格行情分布,广西,17
橙子,一亩田2020-06-16橙子价格行情分布,青海,1.16
橙子,一亩田2020-06-16橙子价格行情分布,河南,0.78
柑桔,一亩田2020-06-16柑桔价格行情分布,福建,2.92
柑桔,一亩田2020-06-16柑桔价格行情分布,山东,0.86
柑桔,一亩田2020-06-16柑桔价格行情分布,云南,3.74
柑桔,一亩田2020-06-16柑桔价格行情分布,湖南,1.5
酸角,一亩田2020-06-16酸角价格行情分布,河北,16
沙棘果,一亩田2020-06-16沙棘果价格行情分布,河南,16.66
沙棘果,一亩田2020-06-16沙棘果价格行情分布,山西,4
沙棘果,一亩田2020-06-16沙棘果价格行情分布,新疆,70
树莓果,一亩田2020-06-16树莓果价格行情分布,辽宁,30
树莓果,一亩田2020-06-16树莓果价格行情分布,吉林,38
树莓果,一亩田2020-06-16树莓果价格行情分布,江苏,11.9
树莓果,一亩田2020-06-16树莓果价格行情分布,黑龙江,11.24
拐枣,一亩田2020-06-16拐枣价格行情分布,安徽,27
拐枣,一亩田2020-06-16拐枣价格行情分布,河南,7.17
拐枣,一亩田2020-06-16拐枣价格行情分布,陕西,21.58
拐枣,一亩田2020-06-16拐枣价格行情分布,广东,5
黑莓,一亩田2020-06-16黑莓价格行情分布,新疆,5
黑莓,一亩田2020-06-16黑莓价格行情分布,黑龙江,10
橙子,一亩田2020-06-16橙子价格行情分布,辽宁,1.4
橙子,一亩田2020-06-16橙子价格行情分布,重庆,2.17
橙子,一亩田2020-06-16橙子价格行情分布,贵州,3
柑桔,一亩田2020-06-16柑桔价格行情分布,北京,1.27
柑桔,一亩田2020-06-16柑桔价格行情分布,四川,3.7
沙棘果,一亩田2020-06-16沙棘果价格行情分布,黑龙江,6
沙棘果,一亩田2020-06-16沙棘果价格行情分布,云南,20
沙棘果,一亩田2020-06-16沙棘果价格行情分布,安徽,40
拐枣,一亩田2020-06-16拐枣价格行情分布,江西,13
拐枣,一亩田2020-06-16拐枣价格行情分布,湖北,4.45
猕猴桃,一亩田2020-06-16猕猴桃价格行情分布,重庆,6.13
猕猴桃,一亩田2020-06-16猕猴桃价格行情分布,云南,11.67
猕猴桃,一亩田2020-06-16猕猴桃价格行情分布,四川,6.54
猕猴桃,一亩田2020-06-16猕猴桃价格行情分布,湖北,9.49
柿子,一亩田2020-06-16柿子价格行情分布,江苏,17.77
蓝莓,一亩田2020-06-16蓝莓价格行情分布,广西,29
蓝莓,一亩田2020-06-16蓝莓价格行情分布,江苏,19.46
草莓,一亩田2020-06-16草莓价格行情分布,黑龙江,10.33
桑葚,一亩田2020-06-16桑葚价格行情分布,江西,15
桑葚,一亩田2020-06-16桑葚价格行情分布,贵州,4.5
圣女果,一亩田2020-06-16圣女果价格行情分布,湖南,3.8
无花果,一亩田2020-06-16无花果价格行情分布,四川,9.35
无花果,一亩田2020-06-16无花果价格行情分布,安徽,21.48
无花果,一亩田2020-06-16无花果价格行情分布,重庆,10
灯笼果,一亩田2020-06-16灯笼果价格行情分布,黑龙江,9.48
灯笼果,一亩田2020-06-16灯笼果价格行情分布,云南,17.57
猕猴桃,一亩田2020-06-16猕猴桃价格行情分布,浙江,7.57
猕猴桃,一亩田2020-06-16猕猴桃价格行情分布,陕西,10.49
猕猴桃,一亩田2020-06-16猕猴桃价格行情分布,河南,3.04
猕猴桃,一亩田2020-06-16猕猴桃价格行情分布,河北,45
柿子,一亩田2020-06-16柿子价格行情分布,陕西,4.48
柿子,一亩田2020-06-16柿子价格行情分布,山东,4.59
蓝莓,一亩田2020-06-16蓝莓价格行情分布,广东,91.66
蓝莓,一亩田2020-06-16蓝莓价格行情分布,云南,43.67
草莓,一亩田2020-06-16草莓价格行情分布,广西,13
草莓,一亩田2020-06-16草莓价格行情分布,浙江,19
草莓,一亩田2020-06-16草莓价格行情分布,安徽,39
桑葚,一亩田2020-06-16桑葚价格行情分布,安徽,24.08
圣女果,一亩田2020-06-16圣女果价格行情分布,宁夏,3.5
圣女果,一亩田2020-06-16圣女果价格行情分布,山西,1.9
无花果,一亩田2020-06-16无花果价格行情分布,河北,10
无花果,一亩田2020-06-16无花果价格行情分布,广东,28.4
灯笼果,一亩田2020-06-16灯笼果价格行情分布,吉林,16.17
猕猴桃,一亩田2020-06-16猕猴桃价格行情分布,安徽,23.17
猕猴桃,一亩田2020-06-16猕猴桃价格行情分布,吉林,30
猕猴桃,一亩田2020-06-16猕猴桃价格行情分布,甘肃,36.8
猕猴桃,一亩田2020-06-16猕猴桃价格行情分布,山东,6.5
柿子,一亩田2020-06-16柿子价格行情分布,青海,0.9
蓝莓,一亩田2020-06-16蓝莓价格行情分布,黑龙江,37.1
草莓,一亩田2020-06-16草莓价格行情分布,新疆,30
桑葚,一亩田2020-06-16桑葚价格行情分布,广西,21.26
桑葚,一亩田2020-06-16桑葚价格行情分布,陕西,11.58
圣女果,一亩田2020-06-16圣女果价格行情分布,云南,1.46
圣女果,一亩田2020-06-16圣女果价格行情分布,贵州,2
无花果,一亩田2020-06-16无花果价格行情分布,上海,7.5
灯笼果,一亩田2020-06-16灯笼果价格行情分布,福建,28
灯笼果,一亩田2020-06-16灯笼果价格行情分布,辽宁,16.92
灯笼果,一亩田2020-06-16灯笼果价格行情分布,内蒙古,7
猕猴桃,一亩田2020-06-16猕猴桃价格行情分布,辽宁,41.88
猕猴桃,一亩田2020-06-16猕猴桃价格行情分布,江西,7.28
柿子,一亩田2020-06-16柿子价格行情分布,辽宁,3.53
柿子,一亩田2020-06-16柿子价格行情分布,云南,3.08
柿子,一亩田2020-06-16柿子价格行情分布,湖南,0.95
蓝莓,一亩田2020-06-16蓝莓价格行情分布,吉林,57.04
蓝莓,一亩田2020-06-16蓝莓价格行情分布,湖北,55.5
蓝莓,一亩田2020-06-16蓝莓价格行情分布,安徽,16.7
蓝莓,一亩田2020-06-16蓝莓价格行情分布,四川,42.61
草莓,一亩田2020-06-16草莓价格行情分布,北京,21
草莓,一亩田2020-06-16草莓价格行情分布,山西,14.04
桑葚,一亩田2020-06-16桑葚价格行情分布,江苏,2.08
桑葚,一亩田2020-06-16桑葚价格行情分布,山东,26.46
桑葚,一亩田2020-06-16桑葚价格行情分布,四川,16.99
桑葚,一亩田2020-06-16桑葚价格行情分布,新疆,30
圣女果,一亩田2020-06-16圣女果价格行情分布,陕西,2.1
圣女果,一亩田2020-06-16圣女果价格行情分布,海南,2.92
圣女果,一亩田2020-06-16圣女果价格行情分布,上海,3.5
圣女果,一亩田2020-06-16圣女果价格行情分布,辽宁,3.27
无花果,一亩田2020-06-16无花果价格行情分布,北京,25.5
无花果,一亩田2020-06-16无花果价格行情分布,海南,9.25
无花果,一亩田2020-06-16无花果价格行情分布,浙江,5.55
无花果,一亩田2020-06-16无花果价格行情分布,河南,16.25
灯笼果,一亩田2020-06-16灯笼果价格行情分布,四川,12.25
灯笼果,一亩田2020-06-16灯笼果价格行情分布,湖北,79.18
灯笼果,一亩田2020-06-16灯笼果价格行情分布,河北,38.7
金心果,一亩田2020-06-16金心果价格行情分布,广东,4.6
木奶果,一亩田2020-06-16木奶果价格行情分布,广西,21.5
葡萄,一亩田2020-06-16葡萄价格行情分布,河北,3.94
葡萄,一亩田2020-06-16葡萄价格行情分布,安徽,8.16
葡萄,一亩田2020-06-16葡萄价格行情分布,湖北,5.63
猕猴桃,一亩田2020-06-16猕猴桃价格行情分布,广西,13.33
猕猴桃,一亩田2020-06-16猕猴桃价格行情分布,湖南,6.18
猕猴桃,一亩田2020-06-16猕猴桃价格行情分布,青海,13.89
猕猴桃,一亩田2020-06-16猕猴桃价格行情分布,黑龙江,11.96
牛柑果,一亩田2020-06-16牛柑果价格行情分布,广东,10
牛柑果,一亩田2020-06-16牛柑果价格行情分布,云南,5.17
牛柑果,一亩田2020-06-16牛柑果价格行情分布,广西,2.75
诺丽果,一亩田2020-06-16诺丽果价格行情分布,海南,3.08
柿子,一亩田2020-06-16柿子价格行情分布,湖北,0.9
柿子,一亩田2020-06-16柿子价格行情分布,广东,0.95
蓝莓,一亩田2020-06-16蓝莓价格行情分布,山东,25.36
蓝莓,一亩田2020-06-16蓝莓价格行情分布,重庆,38
蓝莓,一亩田2020-06-16蓝莓价格行情分布,山西,27.5
蓝莓,一亩田2020-06-16蓝莓价格行情分布,浙江,15.81
大果藤黄,一亩田2020-06-16大果藤黄价格行情分布,安徽,14.4
大果藤黄,一亩田2020-06-16大果藤黄价格行情分布,广西,5.5
草莓,一亩田2020-06-16草莓价格行情分布,宁夏,50.17
草莓,一亩田2020-06-16草莓价格行情分布,福建,16.34
人心果,一亩田2020-06-16人心果价格行情分布,四川,2
人心果,一亩田2020-06-16人心果价格行情分布,甘肃,5.66
桑葚,一亩田2020-06-16桑葚价格行情分布,广东,30.5
桑葚,一亩田2020-06-16桑葚价格行情分布,河北,9.11
圣女果,一亩田2020-06-16圣女果价格行情分布,广西,1.41
圣女果,一亩田2020-06-16圣女果价格行情分布,河北,2.67
圣女果,一亩田2020-06-16圣女果价格行情分布,河南,1.56
无花果,一亩田2020-06-16无花果价格行情分布,云南,13.29
无花果,一亩田2020-06-16无花果价格行情分布,湖北,16.5
无花果,一亩田2020-06-16无花果价格行情分布,湖南,12.33
无花果,一亩田2020-06-16无花果价格行情分布,贵州,2
木奶果,一亩田2020-06-16木奶果价格行情分布,云南,30
葡萄,一亩田2020-06-16葡萄价格行情分布,天津,4.37
葡萄,一亩田2020-06-16葡萄价格行情分布,广西,8.4
猕猴桃,一亩田2020-06-16猕猴桃价格行情分布,广东,28.22
猕猴桃,一亩田2020-06-16猕猴桃价格行情分布,海南,37.63
猕猴桃,一亩田2020-06-16猕猴桃价格行情分布,贵州,8.49
柿子,一亩田2020-06-16柿子价格行情分布,河北,1.48
柿子,一亩田2020-06-16柿子价格行情分布,贵州,0.95
柿子,一亩田2020-06-16柿子价格行情分布,海南,0.95
柿子,一亩田2020-06-16柿子价格行情分布,北京,0.75
蓝莓,一亩田2020-06-16蓝莓价格行情分布,辽宁,33.86
蓝莓,一亩田2020-06-16蓝莓价格行情分布,贵州,33.58
蓝莓,一亩田2020-06-16蓝莓价格行情分布,北京,36.62
草莓,一亩田2020-06-16草莓价格行情分布,河南,7.29
草莓,一亩田2020-06-16草莓价格行情分布,陕西,5.17
草莓,一亩田2020-06-16草莓价格行情分布,四川,34.63
草莓,一亩田2020-06-16草莓价格行情分布,天津,13.5
桑葚,一亩田2020-06-16桑葚价格行情分布,福建,1.1
桑葚,一亩田2020-06-16桑葚价格行情分布,云南,20.75
桑葚,一亩田2020-06-16桑葚价格行情分布,青海,25.23
圣女果,一亩田2020-06-16圣女果价格行情分布,青海,6
圣女果,一亩田2020-06-16圣女果价格行情分布,浙江,4.5
无花果,一亩田2020-06-16无花果价格行情分布,山东,13.1
无花果,一亩田2020-06-16无花果价格行情分布,新疆,25.87
葡萄,一亩田2020-06-16葡萄价格行情分布,江苏,7.13
葡萄,一亩田2020-06-16葡萄价格行情分布,甘肃,2.84
葡萄,一亩田2020-06-16葡萄价格行情分布,吉林,12.75
葡萄,一亩田2020-06-16葡萄价格行情分布,黑龙江,8.5
柿子,一亩田2020-06-16柿子价格行情分布,四川,1.7
柿子,一亩田2020-06-16柿子价格行情分布,上海,0.95
柿子,一亩田2020-06-16柿子价格行情分布,天津,0.87
蓝莓,一亩田2020-06-16蓝莓价格行情分布,湖南,14
蓝莓,一亩田2020-06-16蓝莓价格行情分布,河南,22
草莓,一亩田2020-06-16草莓价格行情分布,广东,11.46
草莓,一亩田2020-06-16草莓价格行情分布,河北,4.49
草莓,一亩田2020-06-16草莓价格行情分布,湖北,1.5
圣女果,一亩田2020-06-16圣女果价格行情分布,四川,7.13
圣女果,一亩田2020-06-16圣女果价格行情分布,广东,13.91
圣女果,一亩田2020-06-16圣女果价格行情分布,山东,3.56
圣女果,一亩田2020-06-16圣女果价格行情分布,北京,1.27
葡萄,一亩田2020-06-16葡萄价格行情分布,山西,4.01
葡萄,一亩田2020-06-16葡萄价格行情分布,上海,7.73
葡萄,一亩田2020-06-16葡萄价格行情分布,重庆,6.83
葡萄,一亩田2020-06-16葡萄价格行情分布,北京,12.75
柿子,一亩田2020-06-16柿子价格行情分布,宁夏,1.67
柿子,一亩田2020-06-16柿子价格行情分布,重庆,2.84
柿子,一亩田2020-06-16柿子价格行情分布,西藏,0.9
柿子,一亩田2020-06-16柿子价格行情分布,内蒙古,0.9
蓝莓,一亩田2020-06-16蓝莓价格行情分布,河北,15
草莓,一亩田2020-06-16草莓价格行情分布,湖南,9.75
草莓,一亩田2020-06-16草莓价格行情分布,山东,9.95
圣女果,一亩田2020-06-16圣女果价格行情分布,江苏,4.8
圣女果,一亩田2020-06-16圣女果价格行情分布,福建,2.25
葡萄,一亩田2020-06-16葡萄价格行情分布,福建,4.15
葡萄,一亩田2020-06-16葡萄价格行情分布,辽宁,5
葡萄,一亩田2020-06-16葡萄价格行情分布,新疆,21.56
柿子,一亩田2020-06-16柿子价格行情分布,山西,1.66
柿子,一亩田2020-06-16柿子价格行情分布,黑龙江,0.9
柿子,一亩田2020-06-16柿子价格行情分布,甘肃,0.9
草莓,一亩田2020-06-16草莓价格行情分布,辽宁,19.65
草莓,一亩田2020-06-16草莓价格行情分布,江苏,13.61
草莓,一亩田2020-06-16草莓价格行情分布,重庆,15.83
草莓,一亩田2020-06-16草莓价格行情分布,云南,11.78
葡萄,一亩田2020-06-16葡萄价格行情分布,贵州,5.96
葡萄,一亩田2020-06-16葡萄价格行情分布,江西,5.56
葡萄,一亩田2020-06-16葡萄价格行情分布,浙江,7.63
葡萄,一亩田2020-06-16葡萄价格行情分布,山东,5.35
柿子,一亩田2020-06-16柿子价格行情分布,浙江,0.9
柿子,一亩田2020-06-16柿子价格行情分布,广西,4.73
柿子,一亩田2020-06-16柿子价格行情分布,安徽,1.4
葡萄,一亩田2020-06-16葡萄价格行情分布,陕西,4.79
葡萄,一亩田2020-06-16葡萄价格行情分布,广东,18
葡萄,一亩田2020-06-16葡萄价格行情分布,河南,5.53
柿子,一亩田2020-06-16柿子价格行情分布,河南,1.85
柿子,一亩田2020-06-16柿子价格行情分布,福建,0.9
葡萄,一亩田2020-06-16葡萄价格行情分布,湖南,8
葡萄,一亩田2020-06-16葡萄价格行情分布,宁夏,8.5
葡萄,一亩田2020-06-16葡萄价格行情分布,云南,10.5
柿子,一亩田2020-06-16柿子价格行情分布,新疆,8.94
柿子,一亩田2020-06-16柿子价格行情分布,吉林,0.73
柿子,一亩田2020-06-16柿子价格行情分布,江西,8.78
葡萄,一亩田2020-06-16葡萄价格行情分布,四川,9.03
嘉宝果,一亩田2020-06-16嘉宝果价格行情分布,广东,68.33
嘉宝果,一亩田2020-06-16嘉宝果价格行情分布,内蒙古,60
嘉宝果,一亩田2020-06-16嘉宝果价格行情分布,福建,22.58
释迦,一亩田2020-06-16释迦价格行情分布,海南,25
释迦,一亩田2020-06-16释迦价格行情分布,云南,14.8
释迦,一亩田2020-06-16释迦价格行情分布,广东,25
释迦,一亩田2020-06-16释迦价格行情分布,广西,23.93
杨桃,一亩田2020-06-16杨桃价格行情分布,广东,6.91
杨桃,一亩田2020-06-16杨桃价格行情分布,云南,2.25
杨桃,一亩田2020-06-16杨桃价格行情分布,广西,1.82
尖蜜拉,一亩田2020-06-16尖蜜拉价格行情分布,内蒙古,5
尖蜜拉,一亩田2020-06-16尖蜜拉价格行情分布,陕西,5
尖蜜拉,一亩田2020-06-16尖蜜拉价格行情分布,辽宁,5
尖蜜拉,一亩田2020-06-16尖蜜拉价格行情分布,吉林,5
橄榄,一亩田2020-06-16橄榄价格行情分布,河北,6.26
橄榄,一亩田2020-06-16橄榄价格行情分布,广东,6.51
橄榄,一亩田2020-06-16橄榄价格行情分布,云南,12
橄榄,一亩田2020-06-16橄榄价格行情分布,安徽,17
莲雾,一亩田2020-06-16莲雾价格行情分布,广西,12
莲雾,一亩田2020-06-16莲雾价格行情分布,海南,16.45
莲雾,一亩田2020-06-16莲雾价格行情分布,云南,14.89
毛丹,一亩田2020-06-16毛丹价格行情分布,广西,32.5
毛丹,一亩田2020-06-16毛丹价格行情分布,云南,7.5
毛丹,一亩田2020-06-16毛丹价格行情分布,海南,12.59
毛丹,一亩田2020-06-16毛丹价格行情分布,湖南,3.5
牛油果,一亩田2020-06-16牛油果价格行情分布,广西,8
牛油果,一亩田2020-06-16牛油果价格行情分布,云南,14.78
杨桃,一亩田2020-06-16杨桃价格行情分布,山东,6
杨桃,一亩田2020-06-16杨桃价格行情分布,福建,7.89
尖蜜拉,一亩田2020-06-16尖蜜拉价格行情分布,黑龙江,5
尖蜜拉,一亩田2020-06-16尖蜜拉价格行情分布,江苏,5
尖蜜拉,一亩田2020-06-16尖蜜拉价格行情分布,浙江,5
橄榄,一亩田2020-06-16橄榄价格行情分布,广西,3.59
橄榄,一亩田2020-06-16橄榄价格行情分布,内蒙古,0.65
橄榄,一亩田2020-06-16橄榄价格行情分布,四川,6.5
莲雾,一亩田2020-06-16莲雾价格行情分布,广东,18.67
尖蜜拉,一亩田2020-06-16尖蜜拉价格行情分布,安徽,5
尖蜜拉,一亩田2020-06-16尖蜜拉价格行情分布,福建,5
尖蜜拉,一亩田2020-06-16尖蜜拉价格行情分布,江西,5
尖蜜拉,一亩田2020-06-16尖蜜拉价格行情分布,山东,5
尖蜜拉,一亩田2020-06-16尖蜜拉价格行情分布,河南,5
尖蜜拉,一亩田2020-06-16尖蜜拉价格行情分布,广东,5
尖蜜拉,一亩田2020-06-16尖蜜拉价格行情分布,四川,5
尖蜜拉,一亩田2020-06-16尖蜜拉价格行情分布,贵州,5
尖蜜拉,一亩田2020-06-16尖蜜拉价格行情分布,云南,15
尖蜜拉,一亩田2020-06-16尖蜜拉价格行情分布,广西,23.6
尖蜜拉,一亩田2020-06-16尖蜜拉价格行情分布,西藏,5
尖蜜拉,一亩田2020-06-16尖蜜拉价格行情分布,海南,23.46
尖蜜拉,一亩田2020-06-16尖蜜拉价格行情分布,北京,5
尖蜜拉,一亩田2020-06-16尖蜜拉价格行情分布,天津,5
尖蜜拉,一亩田2020-06-16尖蜜拉价格行情分布,上海,5
尖蜜拉,一亩田2020-06-16尖蜜拉价格行情分布,甘肃,5
尖蜜拉,一亩田2020-06-16尖蜜拉价格行情分布,重庆,5
尖蜜拉,一亩田2020-06-16尖蜜拉价格行情分布,青海,5
尖蜜拉,一亩田2020-06-16尖蜜拉价格行情分布,河北,5
尖蜜拉,一亩田2020-06-16尖蜜拉价格行情分布,新疆,5
尖蜜拉,一亩田2020-06-16尖蜜拉价格行情分布,山西,5
番石榴,一亩田2020-06-16番石榴价格行情分布,海南,4
番石榴,一亩田2020-06-16番石榴价格行情分布,江西,5
番石榴,一亩田2020-06-16番石榴价格行情分布,云南,4
番石榴,一亩田2020-06-16番石榴价格行情分布,广东,1.9
番石榴,一亩田2020-06-16番石榴价格行情分布,江苏,5
枇杷,一亩田2020-06-16枇杷价格行情分布,广东,13.05
枇杷,一亩田2020-06-16枇杷价格行情分布,安徽,1
枇杷,一亩田2020-06-16枇杷价格行情分布,云南,16.56
甘蔗,一亩田2020-06-16甘蔗价格行情分布,安徽,2.7
甘蔗,一亩田2020-06-16甘蔗价格行情分布,海南,1.41
甘蔗,一亩田2020-06-16甘蔗价格行情分布,广西,0.6
甘蔗,一亩田2020-06-16甘蔗价格行情分布,浙江,3.5
凤梨,一亩田2020-06-16凤梨价格行情分布,河南,1
凤梨,一亩田2020-06-16凤梨价格行情分布,海南,1.52
凤梨,一亩田2020-06-16凤梨价格行情分布,福建,20
山竹,一亩田2020-06-16山竹价格行情分布,山东,10
山竹,一亩田2020-06-16山竹价格行情分布,广东,9.65
山竹,一亩田2020-06-16山竹价格行情分布,上海,14.5
龙眼,一亩田2020-06-16龙眼价格行情分布,四川,6.85
龙眼,一亩田2020-06-16龙眼价格行情分布,广西,14.12
龙眼,一亩田2020-06-16龙眼价格行情分布,江苏,7.5
龙眼,一亩田2020-06-16龙眼价格行情分布,陕西,30.34
木瓜,一亩田2020-06-16木瓜价格行情分布,北京,1
木瓜,一亩田2020-06-16木瓜价格行情分布,浙江,1.11
木瓜,一亩田2020-06-16木瓜价格行情分布,上海,1
木瓜,一亩田2020-06-16木瓜价格行情分布,重庆,1
菠萝,一亩田2020-06-16菠萝价格行情分布,安徽,55
菠萝,一亩田2020-06-16菠萝价格行情分布,山西,2
菠萝,一亩田2020-06-16菠萝价格行情分布,福建,99
菠萝,一亩田2020-06-16菠萝价格行情分布,浙江,1
番石榴,一亩田2020-06-16番石榴价格行情分布,广西,2.86
番石榴,一亩田2020-06-16番石榴价格行情分布,福建,4.22
番石榴,一亩田2020-06-16番石榴价格行情分布,安徽,15
枇杷,一亩田2020-06-16枇杷价格行情分布,山东,17
枇杷,一亩田2020-06-16枇杷价格行情分布,四川,11.16
枇杷,一亩田2020-06-16枇杷价格行情分布,湖北,20.25
甘蔗,一亩田2020-06-16甘蔗价格行情分布,云南,1.2
甘蔗,一亩田2020-06-16甘蔗价格行情分布,广东,1.61
凤梨,一亩田2020-06-16凤梨价格行情分布,重庆,10.93
凤梨,一亩田2020-06-16凤梨价格行情分布,四川,1.8
凤梨,一亩田2020-06-16凤梨价格行情分布,广东,16.81
凤梨,一亩田2020-06-16凤梨价格行情分布,云南,6.66
山竹,一亩田2020-06-16山竹价格行情分布,广西,22.71
山竹,一亩田2020-06-16山竹价格行情分布,云南,9.75
龙眼,一亩田2020-06-16龙眼价格行情分布,福建,2.3
龙眼,一亩田2020-06-16龙眼价格行情分布,广东,7.83
木瓜,一亩田2020-06-16木瓜价格行情分布,广东,1.26
木瓜,一亩田2020-06-16木瓜价格行情分布,西藏,1
木瓜,一亩田2020-06-16木瓜价格行情分布,青海,1
木瓜,一亩田2020-06-16木瓜价格行情分布,陕西,3.73
菠萝,一亩田2020-06-16菠萝价格行情分布,广西,2.13
菠萝,一亩田2020-06-16菠萝价格行情分布,吉林,1.3
菠萝,一亩田2020-06-16菠萝价格行情分布,河北,1.19
菠萝,一亩田2020-06-16菠萝价格行情分布,云南,2.3
枇杷,一亩田2020-06-16枇杷价格行情分布,河南,50
枇杷,一亩田2020-06-16枇杷价格行情分布,重庆,8.66
甘蔗,一亩田2020-06-16甘蔗价格行情分布,河南,15.72
甘蔗,一亩田2020-06-16甘蔗价格行情分布,贵州,0.53
甘蔗,一亩田2020-06-16甘蔗价格行情分布,四川,0.93
凤梨,一亩田2020-06-16凤梨价格行情分布,广西,3.65
龙眼,一亩田2020-06-16龙眼价格行情分布,海南,8.13
木瓜,一亩田2020-06-16木瓜价格行情分布,山西,1
木瓜,一亩田2020-06-16木瓜价格行情分布,宁夏,1
菠萝,一亩田2020-06-16菠萝价格行情分布,辽宁,18
菠萝,一亩田2020-06-16菠萝价格行情分布,黑龙江,1.3
菠萝,一亩田2020-06-16菠萝价格行情分布,海南,5.8
菠萝,一亩田2020-06-16菠萝价格行情分布,江苏,2.31
枇杷,一亩田2020-06-16枇杷价格行情分布,广西,11.8
枇杷,一亩田2020-06-16枇杷价格行情分布,江苏,22
枇杷,一亩田2020-06-16枇杷价格行情分布,福建,29.9
甘蔗,一亩田2020-06-16甘蔗价格行情分布,河北,0.97
木瓜,一亩田2020-06-16木瓜价格行情分布,内蒙古,1
木瓜,一亩田2020-06-16木瓜价格行情分布,贵州,1
菠萝,一亩田2020-06-16菠萝价格行情分布,山东,1.8
菠萝,一亩田2020-06-16菠萝价格行情分布,广东,24.97
枇杷,一亩田2020-06-16枇杷价格行情分布,贵州,9.31
枇杷,一亩田2020-06-16枇杷价格行情分布,浙江,14.22
柚子,一亩田2020-06-16柚子价格行情分布,江苏,1.9
柚子,一亩田2020-06-16柚子价格行情分布,重庆,0.8
柚子,一亩田2020-06-16柚子价格行情分布,山东,5.42
柚子,一亩田2020-06-16柚子价格行情分布,贵州,2
木瓜,一亩田2020-06-16木瓜价格行情分布,辽宁,1
木瓜,一亩田2020-06-16木瓜价格行情分布,河北,1.67
木瓜,一亩田2020-06-16木瓜价格行情分布,吉林,1
木瓜,一亩田2020-06-16木瓜价格行情分布,黑龙江,1
柚子,一亩田2020-06-16柚子价格行情分布,湖北,0.98
柚子,一亩田2020-06-16柚子价格行情分布,四川,3.04
柚子,一亩田2020-06-16柚子价格行情分布,浙江,2.55
榴莲,一亩田2020-06-16榴莲价格行情分布,浙江,58.05
榴莲,一亩田2020-06-16榴莲价格行情分布,重庆,8.46
榴莲,一亩田2020-06-16榴莲价格行情分布,湖南,15
菠萝蜜,一亩田2020-06-16菠萝蜜价格行情分布,陕西,1.26
菠萝蜜,一亩田2020-06-16菠萝蜜价格行情分布,北京,1.26
菠萝蜜,一亩田2020-06-16菠萝蜜价格行情分布,湖南,1.59
火龙果,一亩田2020-06-16火龙果价格行情分布,河南,2
火龙果,一亩田2020-06-16火龙果价格行情分布,福建,3.7
百香果,一亩田2020-06-16百香果价格行情分布,重庆,2.53
百香果,一亩田2020-06-16百香果价格行情分布,云南,7.01
百香果,一亩田2020-06-16百香果价格行情分布,贵州,4.26
香蕉,一亩田2020-06-16香蕉价格行情分布,吉林,0.75
香蕉,一亩田2020-06-16香蕉价格行情分布,山东,0.74
香蕉,一亩田2020-06-16香蕉价格行情分布,福建,2.09
香蕉,一亩田2020-06-16香蕉价格行情分布,辽宁,0.75
荔枝,一亩田2020-06-16荔枝价格行情分布,吉林,4.25
荔枝,一亩田2020-06-16荔枝价格行情分布,海南,6.93
荔枝,一亩田2020-06-16荔枝价格行情分布,山东,5.54
柠檬,一亩田2020-06-16柠檬价格行情分布,江西,2.26
柠檬,一亩田2020-06-16柠檬价格行情分布,四川,9.7
木瓜,一亩田2020-06-16木瓜价格行情分布,四川,1
木瓜,一亩田2020-06-16木瓜价格行情分布,湖北,3.29
柚子,一亩田2020-06-16柚子价格行情分布,河北,0.94
柚子,一亩田2020-06-16柚子价格行情分布,海南,3.97
柚子,一亩田2020-06-16柚子价格行情分布,云南,8.57
柚子,一亩田2020-06-16柚子价格行情分布,福建,1.81
榴莲,一亩田2020-06-16榴莲价格行情分布,北京,9
榴莲,一亩田2020-06-16榴莲价格行情分布,河南,42.69
榴莲,一亩田2020-06-16榴莲价格行情分布,山东,36.01
榴莲,一亩田2020-06-16榴莲价格行情分布,河北,10.11
菠萝蜜,一亩田2020-06-16菠萝蜜价格行情分布,天津,1.26
菠萝蜜,一亩田2020-06-16菠萝蜜价格行情分布,上海,1.26
菠萝蜜,一亩田2020-06-16菠萝蜜价格行情分布,青海,1.26
火龙果,一亩田2020-06-16火龙果价格行情分布,广东,5.31
火龙果,一亩田2020-06-16火龙果价格行情分布,湖南,2
百香果,一亩田2020-06-16百香果价格行情分布,浙江,5.49
百香果,一亩田2020-06-16百香果价格行情分布,广西,6.05
百香果,一亩田2020-06-16百香果价格行情分布,湖南,50
百香果,一亩田2020-06-16百香果价格行情分布,山东,17.71
香蕉,一亩田2020-06-16香蕉价格行情分布,河北,0.89
香蕉,一亩田2020-06-16香蕉价格行情分布,湖北,0.84
香蕉,一亩田2020-06-16香蕉价格行情分布,内蒙古,0.75
荔枝,一亩田2020-06-16荔枝价格行情分布,辽宁,4.25
荔枝,一亩田2020-06-16荔枝价格行情分布,安徽,4.25
柠檬,一亩田2020-06-16柠檬价格行情分布,广西,4.04
柠檬,一亩田2020-06-16柠檬价格行情分布,贵州,2
柠檬,一亩田2020-06-16柠檬价格行情分布,河北,48
柠檬,一亩田2020-06-16柠檬价格行情分布,广东,3.81
木瓜,一亩田2020-06-16木瓜价格行情分布,江苏,0.99
木瓜,一亩田2020-06-16木瓜价格行情分布,山东,1
木瓜,一亩田2020-06-16木瓜价格行情分布,新疆,2.62
木瓜,一亩田2020-06-16木瓜价格行情分布,安徽,1.72
柚子,一亩田2020-06-16柚子价格行情分布,广东,3.17
柚子,一亩田2020-06-16柚子价格行情分布,广西,5.31
柚子,一亩田2020-06-16柚子价格行情分布,江西,3.99
榴莲,一亩田2020-06-16榴莲价格行情分布,山西,14
榴莲,一亩田2020-06-16榴莲价格行情分布,上海,32.5
榴莲,一亩田2020-06-16榴莲价格行情分布,辽宁,14
榴莲,一亩田2020-06-16榴莲价格行情分布,广西,22.06
榴莲,一亩田2020-06-16榴莲价格行情分布,云南,32.12
菠萝蜜,一亩田2020-06-16菠萝蜜价格行情分布,重庆,1.28
菠萝蜜,一亩田2020-06-16菠萝蜜价格行情分布,宁夏,1.26
菠萝蜜,一亩田2020-06-16菠萝蜜价格行情分布,广西,3.77
菠萝蜜,一亩田2020-06-16菠萝蜜价格行情分布,河北,1.26
火龙果,一亩田2020-06-16火龙果价格行情分布,安徽,8.99
火龙果,一亩田2020-06-16火龙果价格行情分布,湖北,2
火龙果,一亩田2020-06-16火龙果价格行情分布,云南,4.46
火龙果,一亩田2020-06-16火龙果价格行情分布,西藏,2
百香果,一亩田2020-06-16百香果价格行情分布,江西,5.66
百香果,一亩田2020-06-16百香果价格行情分布,四川,7.19
百香果,一亩田2020-06-16百香果价格行情分布,福建,6.18
百香果,一亩田2020-06-16百香果价格行情分布,江苏,5
香蕉,一亩田2020-06-16香蕉价格行情分布,广东,1.45
香蕉,一亩田2020-06-16香蕉价格行情分布,浙江,0.75
香蕉,一亩田2020-06-16香蕉价格行情分布,江苏,0.75
香蕉,一亩田2020-06-16香蕉价格行情分布,广西,1.95
荔枝,一亩田2020-06-16荔枝价格行情分布,河南,3.17
荔枝,一亩田2020-06-16荔枝价格行情分布,广东,8.71
荔枝,一亩田2020-06-16荔枝价格行情分布,浙江,5.42
荔枝,一亩田2020-06-16荔枝价格行情分布,江西,3.92
柠檬,一亩田2020-06-16柠檬价格行情分布,海南,2.42
柠檬,一亩田2020-06-16柠檬价格行情分布,云南,4.89
柠檬,一亩田2020-06-16柠檬价格行情分布,河南,35
柠檬,一亩田2020-06-16柠檬价格行情分布,重庆,2.68
木瓜,一亩田2020-06-16木瓜价格行情分布,湖南,0.99
木瓜,一亩田2020-06-16木瓜价格行情分布,云南,1.77
柚子,一亩田2020-06-16柚子价格行情分布,湖南,2.44
榴莲,一亩田2020-06-16榴莲价格行情分布,四川,43.93
榴莲,一亩田2020-06-16榴莲价格行情分布,江苏,31.16
榴莲,一亩田2020-06-16榴莲价格行情分布,广东,50.01
菠萝蜜,一亩田2020-06-16菠萝蜜价格行情分布,新疆,1.26
菠萝蜜,一亩田2020-06-16菠萝蜜价格行情分布,山西,1.26
菠萝蜜,一亩田2020-06-16菠萝蜜价格行情分布,贵州,1.36
菠萝蜜,一亩田2020-06-16菠萝蜜价格行情分布,内蒙古,1.26
火龙果,一亩田2020-06-16火龙果价格行情分布,陕西,2
火龙果,一亩田2020-06-16火龙果价格行情分布,重庆,2.71
火龙果,一亩田2020-06-16火龙果价格行情分布,浙江,3.3
火龙果,一亩田2020-06-16火龙果价格行情分布,海南,3.12
百香果,一亩田2020-06-16百香果价格行情分布,海南,6.77
百香果,一亩田2020-06-16百香果价格行情分布,广东,5.42
香蕉,一亩田2020-06-16香蕉价格行情分布,黑龙江,0.75
香蕉,一亩田2020-06-16香蕉价格行情分布,海南,1.29
香蕉,一亩田2020-06-16香蕉价格行情分布,江西,0.75
香蕉,一亩田2020-06-16香蕉价格行情分布,安徽,0.75
荔枝,一亩田2020-06-16荔枝价格行情分布,云南,5.85
荔枝,一亩田2020-06-16荔枝价格行情分布,福建,4.49
荔枝,一亩田2020-06-16荔枝价格行情分布,湖南,4.25
荔枝,一亩田2020-06-16荔枝价格行情分布,湖北,4.25
柠檬,一亩田2020-06-16柠檬价格行情分布,福建,11.46
木瓜,一亩田2020-06-16木瓜价格行情分布,甘肃,1
木瓜,一亩田2020-06-16木瓜价格行情分布,海南,1.15
木瓜,一亩田2020-06-16木瓜价格行情分布,江西,1
榴莲,一亩田2020-06-16榴莲价格行情分布,天津,14
榴莲,一亩田2020-06-16榴莲价格行情分布,海南,22
菠萝蜜,一亩田2020-06-16菠萝蜜价格行情分布,甘肃,1.26
菠萝蜜,一亩田2020-06-16菠萝蜜价格行情分布,辽宁,1.26
火龙果,一亩田2020-06-16火龙果价格行情分布,上海,2
火龙果,一亩田2020-06-16火龙果价格行情分布,天津,2
火龙果,一亩田2020-06-16火龙果价格行情分布,宁夏,2
火龙果,一亩田2020-06-16火龙果价格行情分布,北京,2
百香果,一亩田2020-06-16百香果价格行情分布,湖北,3.16
香蕉,一亩田2020-06-16香蕉价格行情分布,甘肃,0.75
香蕉,一亩田2020-06-16香蕉价格行情分布,河南,0.75
香蕉,一亩田2020-06-16香蕉价格行情分布,贵州,1.28
香蕉,一亩田2020-06-16香蕉价格行情分布,湖南,0.75
荔枝,一亩田2020-06-16荔枝价格行情分布,青海,4.25
荔枝,一亩田2020-06-16荔枝价格行情分布,陕西,4.25
荔枝,一亩田2020-06-16荔枝价格行情分布,西藏,4.25
荔枝,一亩田2020-06-16荔枝价格行情分布,贵州,11.16
芒果,一亩田2020-06-16芒果价格行情分布,辽宁,1.9
芒果,一亩田2020-06-16芒果价格行情分布,吉林,1.94
芒果,一亩田2020-06-16芒果价格行情分布,黑龙江,1.89
木瓜,一亩田2020-06-16木瓜价格行情分布,福建,1.22
木瓜,一亩田2020-06-16木瓜价格行情分布,河南,1.14
木瓜,一亩田2020-06-16木瓜价格行情分布,广西,2.48
菠萝蜜,一亩田2020-06-16菠萝蜜价格行情分布,吉林,1.27
菠萝蜜,一亩田2020-06-16菠萝蜜价格行情分布,黑龙江,1.26
菠萝蜜,一亩田2020-06-16菠萝蜜价格行情分布,江苏,3.02
火龙果,一亩田2020-06-16火龙果价格行情分布,青海,2
火龙果,一亩田2020-06-16火龙果价格行情分布,山西,2
火龙果,一亩田2020-06-16火龙果价格行情分布,甘肃,2
火龙果,一亩田2020-06-16火龙果价格行情分布,四川,4.34
香蕉,一亩田2020-06-16香蕉价格行情分布,四川,0.76
香蕉,一亩田2020-06-16香蕉价格行情分布,陕西,0.75
香蕉,一亩田2020-06-16香蕉价格行情分布,西藏,0.75
香蕉,一亩田2020-06-16香蕉价格行情分布,青海,0.75
神秘果,一亩田2020-06-16神秘果价格行情分布,湖北,12
神秘果,一亩田2020-06-16神秘果价格行情分布,广东,100
布福娜,一亩田2020-06-16布福娜价格行情分布,广东,14.66
荔枝,一亩田2020-06-16荔枝价格行情分布,上海,4.83
荔枝,一亩田2020-06-16荔枝价格行情分布,广西,5.48
荔枝,一亩田2020-06-16荔枝价格行情分布,重庆,4.25
荔枝,一亩田2020-06-16荔枝价格行情分布,天津,4.25
钙果,一亩田2020-06-16钙果价格行情分布,河北,17.5
钙果,一亩田2020-06-16钙果价格行情分布,山西,65.83
钙果,一亩田2020-06-16钙果价格行情分布,山东,23.25
沙枣,一亩田2020-06-16沙枣价格行情分布,甘肃,20.66
沙枣,一亩田2020-06-16沙枣价格行情分布,河北,15
芒果,一亩田2020-06-16芒果价格行情分布,江苏,2.38
芒果,一亩田2020-06-16芒果价格行情分布,湖南,1.92
嘎喱罗,一亩田2020-06-16嘎喱罗价格行情分布,云南,21.43
仁面果,一亩田2020-06-16仁面果价格行情分布,陕西,1.23
仁面果,一亩田2020-06-16仁面果价格行情分布,广东,12.98
木瓜,一亩田2020-06-16木瓜价格行情分布,天津,1
菠萝蜜,一亩田2020-06-16菠萝蜜价格行情分布,浙江,1.61
菠萝蜜,一亩田2020-06-16菠萝蜜价格行情分布,海南,2.87
火龙果,一亩田2020-06-16火龙果价格行情分布,河北,2
火龙果,一亩田2020-06-16火龙果价格行情分布,辽宁,2
火龙果,一亩田2020-06-16火龙果价格行情分布,新疆,2
香蕉,一亩田2020-06-16香蕉价格行情分布,宁夏,0.75
香蕉,一亩田2020-06-16香蕉价格行情分布,重庆,0.84
香蕉,一亩田2020-06-16香蕉价格行情分布,上海,0.75
香蕉,一亩田2020-06-16香蕉价格行情分布,天津,0.75
布福娜,一亩田2020-06-16布福娜价格行情分布,江西,23.75
布福娜,一亩田2020-06-16布福娜价格行情分布,云南,15.11
布福娜,一亩田2020-06-16布福娜价格行情分布,湖南,34.51
荔枝,一亩田2020-06-16荔枝价格行情分布,北京,5.35
荔枝,一亩田2020-06-16荔枝价格行情分布,四川,5.05
荔枝,一亩田2020-06-16荔枝价格行情分布,宁夏,4.25
沙枣,一亩田2020-06-16沙枣价格行情分布,新疆,18.16
芒果,一亩田2020-06-16芒果价格行情分布,浙江,2.05
芒果,一亩田2020-06-16芒果价格行情分布,宁夏,1.95
芒果,一亩田2020-06-16芒果价格行情分布,安徽,2.02
菠萝蜜,一亩田2020-06-16菠萝蜜价格行情分布,安徽,1.34
菠萝蜜,一亩田2020-06-16菠萝蜜价格行情分布,江西,1.32
菠萝蜜,一亩田2020-06-16菠萝蜜价格行情分布,山东,1.4
菠萝蜜,一亩田2020-06-16菠萝蜜价格行情分布,河南,1.36
火龙果,一亩田2020-06-16火龙果价格行情分布,江西,3
火龙果,一亩田2020-06-16火龙果价格行情分布,内蒙古,2
火龙果,一亩田2020-06-16火龙果价格行情分布,江苏,2.56
火龙果,一亩田2020-06-16火龙果价格行情分布,山东,2.67
香蕉,一亩田2020-06-16香蕉价格行情分布,云南,1.87
香蕉,一亩田2020-06-16香蕉价格行情分布,北京,0.75
香蕉,一亩田2020-06-16香蕉价格行情分布,山西,0.75
香蕉,一亩田2020-06-16香蕉价格行情分布,新疆,0.75
布福娜,一亩田2020-06-16布福娜价格行情分布,安徽,18.88
布福娜,一亩田2020-06-16布福娜价格行情分布,广西,30.4
荔枝,一亩田2020-06-16荔枝价格行情分布,新疆,4.25
荔枝,一亩田2020-06-16荔枝价格行情分布,山西,4.25
荔枝,一亩田2020-06-16荔枝价格行情分布,河北,4
芒果,一亩田2020-06-16芒果价格行情分布,广西,2.5
芒果,一亩田2020-06-16芒果价格行情分布,江西,2
芒果,一亩田2020-06-16芒果价格行情分布,山东,2
芒果,一亩田2020-06-16芒果价格行情分布,福建,2.07
菠萝蜜,一亩田2020-06-16菠萝蜜价格行情分布,四川,1.47
菠萝蜜,一亩田2020-06-16菠萝蜜价格行情分布,湖北,1.59
火龙果,一亩田2020-06-16火龙果价格行情分布,黑龙江,2
火龙果,一亩田2020-06-16火龙果价格行情分布,吉林,2
火龙果,一亩田2020-06-16火龙果价格行情分布,广西,4.41
火龙果,一亩田2020-06-16火龙果价格行情分布,贵州,2.82
荔枝,一亩田2020-06-16荔枝价格行情分布,甘肃,4.25
荔枝,一亩田2020-06-16荔枝价格行情分布,内蒙古,4.25
荔枝,一亩田2020-06-16荔枝价格行情分布,江苏,9.5
荔枝,一亩田2020-06-16荔枝价格行情分布,黑龙江,4.25
芒果,一亩田2020-06-16芒果价格行情分布,湖北,2
芒果,一亩田2020-06-16芒果价格行情分布,广东,2.05
菠萝蜜,一亩田2020-06-16菠萝蜜价格行情分布,云南,1.91
菠萝蜜,一亩田2020-06-16菠萝蜜价格行情分布,广东,3.15
菠萝蜜,一亩田2020-06-16菠萝蜜价格行情分布,西藏,1.26
青枣,一亩田2020-06-16青枣价格行情分布,广西,2.33
青枣,一亩田2020-06-16青枣价格行情分布,四川,1.93
芒果,一亩田2020-06-16芒果价格行情分布,新疆,2.07
芒果,一亩田2020-06-16芒果价格行情分布,海南,2.72
芒果,一亩田2020-06-16芒果价格行情分布,西藏,1.96
芒果,一亩田2020-06-16芒果价格行情分布,北京,1.92
菠萝蜜,一亩田2020-06-16菠萝蜜价格行情分布,福建,1.6
青枣,一亩田2020-06-16青枣价格行情分布,陕西,20.75
青枣,一亩田2020-06-16青枣价格行情分布,河南,3
青枣,一亩田2020-06-16青枣价格行情分布,福建,4
芒果,一亩田2020-06-16芒果价格行情分布,贵州,1.95
芒果,一亩田2020-06-16芒果价格行情分布,陕西,2.15
芒果,一亩田2020-06-16芒果价格行情分布,天津,2.09
青枣,一亩田2020-06-16青枣价格行情分布,浙江,1.6
青枣,一亩田2020-06-16青枣价格行情分布,云南,1.2
西梅,一亩田2020-06-16西梅价格行情分布,辽宁,7
西梅,一亩田2020-06-16西梅价格行情分布,新疆,12.22
西梅,一亩田2020-06-16西梅价格行情分布,四川,9
西梅,一亩田2020-06-16西梅价格行情分布,广东,6
乌梅,一亩田2020-06-16乌梅价格行情分布,新疆,21.6
乌梅,一亩田2020-06-16乌梅价格行情分布,陕西,15
乌梅,一亩田2020-06-16乌梅价格行情分布,湖南,2.5
乌梅,一亩田2020-06-16乌梅价格行情分布,四川,12
芒果,一亩田2020-06-16芒果价格行情分布,云南,2.62
芒果,一亩田2020-06-16芒果价格行情分布,上海,2.04
芒果,一亩田2020-06-16芒果价格行情分布,甘肃,1.92
芒果,一亩田2020-06-16芒果价格行情分布,青海,1.94
梅子,一亩田2020-06-16梅子价格行情分布,安徽,5.75
梅子,一亩田2020-06-16梅子价格行情分布,山东,5.25
石榴,一亩田2020-06-16石榴价格行情分布,山西,21.25
石榴,一亩田2020-06-16石榴价格行情分布,云南,6.75
石榴,一亩田2020-06-16石榴价格行情分布,四川,8.78
山楂,一亩田2020-06-16山楂价格行情分布,湖北,3.45
山楂,一亩田2020-06-16山楂价格行情分布,山东,3.28
山楂,一亩田2020-06-16山楂价格行情分布,广东,20
山楂,一亩田2020-06-16山楂价格行情分布,广西,10.63
黄皮果,一亩田2020-06-16黄皮果价格行情分布,广西,8.43
黄皮果,一亩田2020-06-16黄皮果价格行情分布,广东,9.13
黄皮果,一亩田2020-06-16黄皮果价格行情分布,海南,6.16
海棠果,一亩田2020-06-16海棠果价格行情分布,新疆,12.33
海棠果,一亩田2020-06-16海棠果价格行情分布,云南,2
海棠果,一亩田2020-06-16海棠果价格行情分布,内蒙古,4.5
海棠果,一亩田2020-06-16海棠果价格行情分布,辽宁,3.96
青枣,一亩田2020-06-16青枣价格行情分布,江苏,4.74
西梅,一亩田2020-06-16西梅价格行情分布,湖南,44.5
乌梅,一亩田2020-06-16乌梅价格行情分布,广东,3.04
乌梅,一亩田2020-06-16乌梅价格行情分布,河北,34
芒果,一亩田2020-06-16芒果价格行情分布,四川,3.55
芒果,一亩田2020-06-16芒果价格行情分布,河北,1.98
芒果,一亩田2020-06-16芒果价格行情分布,河南,1.97
芒果,一亩田2020-06-16芒果价格行情分布,重庆,2.03
梅子,一亩田2020-06-16梅子价格行情分布,陕西,0.9
梅子,一亩田2020-06-16梅子价格行情分布,云南,10.35
梅子,一亩田2020-06-16梅子价格行情分布,福建,2.3
梅子,一亩田2020-06-16梅子价格行情分布,广东,8.25
石榴,一亩田2020-06-16石榴价格行情分布,湖北,16.66
石榴,一亩田2020-06-16石榴价格行情分布,安徽,7.75
石榴,一亩田2020-06-16石榴价格行情分布,广东,3.95
石榴,一亩田2020-06-16石榴价格行情分布,海南,2.75
山楂,一亩田2020-06-16山楂价格行情分布,陕西,3.93
山楂,一亩田2020-06-16山楂价格行情分布,重庆,4.5
山楂,一亩田2020-06-16山楂价格行情分布,安徽,13.07
山楂,一亩田2020-06-16山楂价格行情分布,云南,12.63
黄皮果,一亩田2020-06-16黄皮果价格行情分布,湖北,3.5
海棠果,一亩田2020-06-16海棠果价格行情分布,黑龙江,15
海棠果,一亩田2020-06-16海棠果价格行情分布,四川,1.3
乌梅,一亩田2020-06-16乌梅价格行情分布,贵州,30
乌梅,一亩田2020-06-16乌梅价格行情分布,山东,16
乌梅,一亩田2020-06-16乌梅价格行情分布,安徽,19.89
乌梅,一亩田2020-06-16乌梅价格行情分布,广西,4.37
芒果,一亩田2020-06-16芒果价格行情分布,山西,1.99
芒果,一亩田2020-06-16芒果价格行情分布,内蒙古,1.94
梅子,一亩田2020-06-16梅子价格行情分布,浙江,5
梅子,一亩田2020-06-16梅子价格行情分布,四川,5.71
梅子,一亩田2020-06-16梅子价格行情分布,广西,2.7
石榴,一亩田2020-06-16石榴价格行情分布,湖南,10
石榴,一亩田2020-06-16石榴价格行情分布,河南,7.82
石榴,一亩田2020-06-16石榴价格行情分布,浙江,82.5
石榴,一亩田2020-06-16石榴价格行情分布,山东,5.81
山楂,一亩田2020-06-16山楂价格行情分布,江苏,4.13
山楂,一亩田2020-06-16山楂价格行情分布,北京,1.75
山楂,一亩田2020-06-16山楂价格行情分布,河北,8.8
山楂,一亩田2020-06-16山楂价格行情分布,河南,5.25
海棠果,一亩田2020-06-16海棠果价格行情分布,浙江,2.78
海棠果,一亩田2020-06-16海棠果价格行情分布,吉林,6.5
海棠果,一亩田2020-06-16海棠果价格行情分布,山东,4.32
海棠果,一亩田2020-06-16海棠果价格行情分布,河北,2.47
乌梅,一亩田2020-06-16乌梅价格行情分布,云南,16.73
石榴,一亩田2020-06-16石榴价格行情分布,新疆,12.15
石榴,一亩田2020-06-16石榴价格行情分布,陕西,16.4
山楂,一亩田2020-06-16山楂价格行情分布,宁夏,20
山楂,一亩田2020-06-16山楂价格行情分布,四川,4.5
山楂,一亩田2020-06-16山楂价格行情分布,海南,14
山楂,一亩田2020-06-16山楂价格行情分布,天津,2.67
蟠桃,一亩田2020-06-16蟠桃价格行情分布,江苏,6.67
蟠桃,一亩田2020-06-16蟠桃价格行情分布,陕西,6.31
海棠果,一亩田2020-06-16海棠果价格行情分布,安徽,1
海棠果,一亩田2020-06-16海棠果价格行情分布,甘肃,0.83
山楂,一亩田2020-06-16山楂价格行情分布,辽宁,1.1
山楂,一亩田2020-06-16山楂价格行情分布,山西,1.9
山楂,一亩田2020-06-16山楂价格行情分布,吉林,1.5
蟠桃,一亩田2020-06-16蟠桃价格行情分布,河北,3.56
蟠桃,一亩田2020-06-16蟠桃价格行情分布,山西,1.56
蟠桃,一亩田2020-06-16蟠桃价格行情分布,四川,2
蟠桃,一亩田2020-06-16蟠桃价格行情分布,新疆,8.89
海棠果,一亩田2020-06-16海棠果价格行情分布,陕西,0.55
杨梅,一亩田2020-06-16杨梅价格行情分布,湖北,9
杨梅,一亩田2020-06-16杨梅价格行情分布,浙江,16.94
蟠桃,一亩田2020-06-16蟠桃价格行情分布,山东,6.23
蟠桃,一亩田2020-06-16蟠桃价格行情分布,安徽,7.25
杨梅,一亩田2020-06-16杨梅价格行情分布,广东,10.73
杨梅,一亩田2020-06-16杨梅价格行情分布,江苏,26
杨梅,一亩田2020-06-16杨梅价格行情分布,贵州,3
杨梅,一亩田2020-06-16杨梅价格行情分布,云南,9.43
蟠桃,一亩田2020-06-16蟠桃价格行情分布,河南,5.13
蟠桃,一亩田2020-06-16蟠桃价格行情分布,云南,13.5
蟠桃,一亩田2020-06-16蟠桃价格行情分布,天津,4
蟠桃,一亩田2020-06-16蟠桃价格行情分布,北京,4.8
杨梅,一亩田2020-06-16杨梅价格行情分布,湖南,11.38
杨梅,一亩田2020-06-16杨梅价格行情分布,重庆,10
杨梅,一亩田2020-06-16杨梅价格行情分布,江西,7.49
杨梅,一亩田2020-06-16杨梅价格行情分布,广西,5.97
杨梅,一亩田2020-06-16杨梅价格行情分布,福建,12.5
杨梅,一亩田2020-06-16杨梅价格行情分布,四川,6.5
