西瓜,一亩田2020-06-21西瓜价格行情分布,重庆,1.22
西瓜,一亩田2020-06-21西瓜价格行情分布,海南,2.07
西瓜,一亩田2020-06-21西瓜价格行情分布,河南,0.74
西瓜,一亩田2020-06-21西瓜价格行情分布,贵州,1.3
西瓜,一亩田2020-06-21西瓜价格行情分布,江苏,1.18
西瓜,一亩田2020-06-21西瓜价格行情分布,天津,1.18
西瓜,一亩田2020-06-21西瓜价格行情分布,上海,1.27
西瓜,一亩田2020-06-21西瓜价格行情分布,宁夏,1.13
西瓜,一亩田2020-06-21西瓜价格行情分布,福建,0.87
西瓜,一亩田2020-06-21西瓜价格行情分布,陕西,0.9
西瓜,一亩田2020-06-21西瓜价格行情分布,广西,0.87
西瓜,一亩田2020-06-21西瓜价格行情分布,吉林,0.59
西瓜,一亩田2020-06-21西瓜价格行情分布,湖北,0.75
西瓜,一亩田2020-06-21西瓜价格行情分布,安徽,0.85
西瓜,一亩田2020-06-21西瓜价格行情分布,山东,0.77
西瓜,一亩田2020-06-21西瓜价格行情分布,河北,0.74
西瓜,一亩田2020-06-21西瓜价格行情分布,辽宁,0.71
西瓜,一亩田2020-06-21西瓜价格行情分布,山西,1.29
西瓜,一亩田2020-06-21西瓜价格行情分布,内蒙古,0.44
西瓜,一亩田2020-06-21西瓜价格行情分布,甘肃,1.06
西瓜,一亩田2020-06-21西瓜价格行情分布,浙江,1.42
西瓜,一亩田2020-06-21西瓜价格行情分布,黑龙江,1.11
西瓜,一亩田2020-06-21西瓜价格行情分布,江西,1.03
西瓜,一亩田2020-06-21西瓜价格行情分布,广东,1.39
西瓜,一亩田2020-06-21西瓜价格行情分布,新疆,0.45
西瓜,一亩田2020-06-21西瓜价格行情分布,四川,1.09
西瓜,一亩田2020-06-21西瓜价格行情分布,云南,1.24
西瓜,一亩田2020-06-21西瓜价格行情分布,湖南,1.13
西瓜,一亩田2020-06-21西瓜价格行情分布,北京,1.47
山楂,一亩田2020-06-21山楂价格行情分布,重庆,4.5
山楂,一亩田2020-06-21山楂价格行情分布,山西,1.71
山楂,一亩田2020-06-21山楂价格行情分布,湖北,3.45
山楂,一亩田2020-06-21山楂价格行情分布,辽宁,0.9
山楂,一亩田2020-06-21山楂价格行情分布,广东,20
山楂,一亩田2020-06-21山楂价格行情分布,海南,14
山楂,一亩田2020-06-21山楂价格行情分布,河南,4.37
山楂,一亩田2020-06-21山楂价格行情分布,云南,17.45
山楂,一亩田2020-06-21山楂价格行情分布,四川,4.5
山楂,一亩田2020-06-21山楂价格行情分布,安徽,15.12
山楂,一亩田2020-06-21山楂价格行情分布,广西,7.51
山楂,一亩田2020-06-21山楂价格行情分布,河北,8.77
山楂,一亩田2020-06-21山楂价格行情分布,北京,1.75
海棠果,一亩田2020-06-21海棠果价格行情分布,辽宁,4.93
海棠果,一亩田2020-06-21海棠果价格行情分布,黑龙江,15
海棠果,一亩田2020-06-21海棠果价格行情分布,吉林,4.26
海棠果,一亩田2020-06-21海棠果价格行情分布,山西,1
山楂,一亩田2020-06-21山楂价格行情分布,宁夏,20
山楂,一亩田2020-06-21山楂价格行情分布,陕西,3.93
山楂,一亩田2020-06-21山楂价格行情分布,山东,4.2
山楂,一亩田2020-06-21山楂价格行情分布,天津,2.88
山楂,一亩田2020-06-21山楂价格行情分布,江苏,4.13
山楂,一亩田2020-06-21山楂价格行情分布,吉林,1.5
乌梅,一亩田2020-06-21乌梅价格行情分布,新疆,25.93
乌梅,一亩田2020-06-21乌梅价格行情分布,广西,6.7
乌梅,一亩田2020-06-21乌梅价格行情分布,四川,12.02
乌梅,一亩田2020-06-21乌梅价格行情分布,安徽,22.94
乌梅,一亩田2020-06-21乌梅价格行情分布,广东,3.04
乌梅,一亩田2020-06-21乌梅价格行情分布,陕西,15
乌梅,一亩田2020-06-21乌梅价格行情分布,河北,34
乌梅,一亩田2020-06-21乌梅价格行情分布,湖南,1.5
西梅,一亩田2020-06-21西梅价格行情分布,新疆,11.73
西梅,一亩田2020-06-21西梅价格行情分布,四川,13.68
西梅,一亩田2020-06-21西梅价格行情分布,陕西,3.2
西梅,一亩田2020-06-21西梅价格行情分布,河南,4.5
西梅,一亩田2020-06-21西梅价格行情分布,广东,6.15
西梅,一亩田2020-06-21西梅价格行情分布,山西,2.3
西梅,一亩田2020-06-21西梅价格行情分布,辽宁,7
西梅,一亩田2020-06-21西梅价格行情分布,山东,8
海棠果,一亩田2020-06-21海棠果价格行情分布,云南,2
海棠果,一亩田2020-06-21海棠果价格行情分布,甘肃,0.83
海棠果,一亩田2020-06-21海棠果价格行情分布,陕西,0.5
海棠果,一亩田2020-06-21海棠果价格行情分布,山东,5.41
海棠果,一亩田2020-06-21海棠果价格行情分布,河北,2.88
海棠果,一亩田2020-06-21海棠果价格行情分布,浙江,2.78
梅子,一亩田2020-06-21梅子价格行情分布,福建,1.84
梅子,一亩田2020-06-21梅子价格行情分布,江苏,10
梅子,一亩田2020-06-21梅子价格行情分布,吉林,6
青枣,一亩田2020-06-21青枣价格行情分布,江苏,4.74
青枣,一亩田2020-06-21青枣价格行情分布,四川,1.93
青枣,一亩田2020-06-21青枣价格行情分布,河南,3
青枣,一亩田2020-06-21青枣价格行情分布,浙江,1.6
青枣,一亩田2020-06-21青枣价格行情分布,陕西,16.25
青枣,一亩田2020-06-21青枣价格行情分布,海南,32
青枣,一亩田2020-06-21青枣价格行情分布,广西,2.23
青枣,一亩田2020-06-21青枣价格行情分布,福建,5
青枣,一亩田2020-06-21青枣价格行情分布,云南,3
黄皮果,一亩田2020-06-21黄皮果价格行情分布,广西,5.35
黄皮果,一亩田2020-06-21黄皮果价格行情分布,广东,8.83
黄皮果,一亩田2020-06-21黄皮果价格行情分布,海南,6
黄皮果,一亩田2020-06-21黄皮果价格行情分布,湖北,3.5
黄皮果,一亩田2020-06-21黄皮果价格行情分布,福建,3.4
乌梅,一亩田2020-06-21乌梅价格行情分布,云南,16.56
乌梅,一亩田2020-06-21乌梅价格行情分布,山东,16
梅子,一亩田2020-06-21梅子价格行情分布,云南,4.54
梅子,一亩田2020-06-21梅子价格行情分布,浙江,5
梅子,一亩田2020-06-21梅子价格行情分布,安徽,5.75
梅子,一亩田2020-06-21梅子价格行情分布,河南,1.1
梅子,一亩田2020-06-21梅子价格行情分布,四川,5.27
梅子,一亩田2020-06-21梅子价格行情分布,陕西,0.8
梅子,一亩田2020-06-21梅子价格行情分布,山东,6
梅子,一亩田2020-06-21梅子价格行情分布,广西,2.65
石榴,一亩田2020-06-21石榴价格行情分布,广东,2.73
石榴,一亩田2020-06-21石榴价格行情分布,广西,4.8
石榴,一亩田2020-06-21石榴价格行情分布,贵州,1.8
石榴,一亩田2020-06-21石榴价格行情分布,浙江,82.5
石榴,一亩田2020-06-21石榴价格行情分布,四川,7.57
石榴,一亩田2020-06-21石榴价格行情分布,新疆,11.25
石榴,一亩田2020-06-21石榴价格行情分布,海南,2.58
石榴,一亩田2020-06-21石榴价格行情分布,山东,6.7
石榴,一亩田2020-06-21石榴价格行情分布,河南,6.65
梅子,一亩田2020-06-21梅子价格行情分布,广东,6.96
石榴,一亩田2020-06-21石榴价格行情分布,陕西,23.6
石榴,一亩田2020-06-21石榴价格行情分布,云南,8.35
石榴,一亩田2020-06-21石榴价格行情分布,安徽,13
石榴,一亩田2020-06-21石榴价格行情分布,山西,21.33
石榴,一亩田2020-06-21石榴价格行情分布,湖南,10
水蜜桃,一亩田2020-06-21水蜜桃价格行情分布,北京,5.33
水蜜桃,一亩田2020-06-21水蜜桃价格行情分布,甘肃,3.32
水蜜桃,一亩田2020-06-21水蜜桃价格行情分布,四川,3.09
水蜜桃,一亩田2020-06-21水蜜桃价格行情分布,山东,2.42
水蜜桃,一亩田2020-06-21水蜜桃价格行情分布,河南,2.29
水蜜桃,一亩田2020-06-21水蜜桃价格行情分布,广西,5
梨,一亩田2020-06-21梨价格行情分布,上海,2.68
梨,一亩田2020-06-21梨价格行情分布,湖北,1.92
梨,一亩田2020-06-21梨价格行情分布,辽宁,1.41
梨,一亩田2020-06-21梨价格行情分布,陕西,1.45
梨,一亩田2020-06-21梨价格行情分布,广东,9.94
梨,一亩田2020-06-21梨价格行情分布,江苏,2.18
梨,一亩田2020-06-21梨价格行情分布,重庆,2.49
梨,一亩田2020-06-21梨价格行情分布,内蒙古,2.12
蟠桃,一亩田2020-06-21蟠桃价格行情分布,上海,6
蟠桃,一亩田2020-06-21蟠桃价格行情分布,山西,2.02
蟠桃,一亩田2020-06-21蟠桃价格行情分布,北京,3.65
鲜枣,一亩田2020-06-21鲜枣价格行情分布,天津,2.85
鲜枣,一亩田2020-06-21鲜枣价格行情分布,山东,8.72
鲜枣,一亩田2020-06-21鲜枣价格行情分布,江西,9
鲜枣,一亩田2020-06-21鲜枣价格行情分布,广东,29.53
鲜枣,一亩田2020-06-21鲜枣价格行情分布,四川,9.87
鲜枣,一亩田2020-06-21鲜枣价格行情分布,湖南,20
鲜枣,一亩田2020-06-21鲜枣价格行情分布,河北,12.26
鲜枣,一亩田2020-06-21鲜枣价格行情分布,海南,26
鲜枣,一亩田2020-06-21鲜枣价格行情分布,河南,5.18
鲜枣,一亩田2020-06-21鲜枣价格行情分布,新疆,15.7
黄桃,一亩田2020-06-21黄桃价格行情分布,北京,4.8
黄桃,一亩田2020-06-21黄桃价格行情分布,辽宁,3.52
黄桃,一亩田2020-06-21黄桃价格行情分布,河北,4.63
黄桃,一亩田2020-06-21黄桃价格行情分布,江西,17
黄桃,一亩田2020-06-21黄桃价格行情分布,江苏,5.09
黄桃,一亩田2020-06-21黄桃价格行情分布,四川,4.42
黄桃,一亩田2020-06-21黄桃价格行情分布,安徽,2.47
黄桃,一亩田2020-06-21黄桃价格行情分布,河南,3.41
黄桃,一亩田2020-06-21黄桃价格行情分布,浙江,4.21
杨梅,一亩田2020-06-21杨梅价格行情分布,江苏,30
杨梅,一亩田2020-06-21杨梅价格行情分布,广西,4.47
杨梅,一亩田2020-06-21杨梅价格行情分布,湖南,12.13
杨梅,一亩田2020-06-21杨梅价格行情分布,福建,12.41
杨梅,一亩田2020-06-21杨梅价格行情分布,广东,5.52
杨梅,一亩田2020-06-21杨梅价格行情分布,江西,5.33
杨梅,一亩田2020-06-21杨梅价格行情分布,四川,7.5
杨梅,一亩田2020-06-21杨梅价格行情分布,云南,7.61
水蜜桃,一亩田2020-06-21水蜜桃价格行情分布,江苏,7.35
水蜜桃,一亩田2020-06-21水蜜桃价格行情分布,河北,2.82
水蜜桃,一亩田2020-06-21水蜜桃价格行情分布,云南,5.76
水蜜桃,一亩田2020-06-21水蜜桃价格行情分布,福建,6.88
水蜜桃,一亩田2020-06-21水蜜桃价格行情分布,陕西,5.99
水蜜桃,一亩田2020-06-21水蜜桃价格行情分布,湖北,3.49
水蜜桃,一亩田2020-06-21水蜜桃价格行情分布,贵州,3.04
梨,一亩田2020-06-21梨价格行情分布,江西,3.25
梨,一亩田2020-06-21梨价格行情分布,广西,2.29
梨,一亩田2020-06-21梨价格行情分布,安徽,1.36
梨,一亩田2020-06-21梨价格行情分布,甘肃,1.8
梨,一亩田2020-06-21梨价格行情分布,黑龙江,1.5
梨,一亩田2020-06-21梨价格行情分布,四川,3.51
梨,一亩田2020-06-21梨价格行情分布,福建,2.66
梨,一亩田2020-06-21梨价格行情分布,河南,1.65
梨,一亩田2020-06-21梨价格行情分布,云南,3.02
梨,一亩田2020-06-21梨价格行情分布,浙江,2.73
蟠桃,一亩田2020-06-21蟠桃价格行情分布,新疆,10.4
蟠桃,一亩田2020-06-21蟠桃价格行情分布,河南,7.03
蟠桃,一亩田2020-06-21蟠桃价格行情分布,天津,4
蟠桃,一亩田2020-06-21蟠桃价格行情分布,陕西,5.53
蟠桃,一亩田2020-06-21蟠桃价格行情分布,浙江,3.05
蟠桃,一亩田2020-06-21蟠桃价格行情分布,四川,1.7
蟠桃,一亩田2020-06-21蟠桃价格行情分布,河北,4.13
鲜枣,一亩田2020-06-21鲜枣价格行情分布,陕西,14.55
黄桃,一亩田2020-06-21黄桃价格行情分布,湖北,3.29
黄桃,一亩田2020-06-21黄桃价格行情分布,陕西,2.56
黄桃,一亩田2020-06-21黄桃价格行情分布,山东,2.91
黄桃,一亩田2020-06-21黄桃价格行情分布,云南,6.22
黄桃,一亩田2020-06-21黄桃价格行情分布,重庆,8.66
黄桃,一亩田2020-06-21黄桃价格行情分布,贵州,2.75
黄桃,一亩田2020-06-21黄桃价格行情分布,广西,3.53
黄桃,一亩田2020-06-21黄桃价格行情分布,湖南,6.66
杨梅,一亩田2020-06-21杨梅价格行情分布,重庆,4
杨梅,一亩田2020-06-21杨梅价格行情分布,浙江,14.02
水蜜桃,一亩田2020-06-21水蜜桃价格行情分布,湖南,2.23
水蜜桃,一亩田2020-06-21水蜜桃价格行情分布,天津,1.23
水蜜桃,一亩田2020-06-21水蜜桃价格行情分布,江西,9.34
水蜜桃,一亩田2020-06-21水蜜桃价格行情分布,浙江,5.06
水蜜桃,一亩田2020-06-21水蜜桃价格行情分布,安徽,3.9
水蜜桃,一亩田2020-06-21水蜜桃价格行情分布,辽宁,5.65
水蜜桃,一亩田2020-06-21水蜜桃价格行情分布,上海,4.3
梨,一亩田2020-06-21梨价格行情分布,山西,1.76
梨,一亩田2020-06-21梨价格行情分布,河北,1.42
梨,一亩田2020-06-21梨价格行情分布,吉林,2.76
梨,一亩田2020-06-21梨价格行情分布,贵州,1.6
梨,一亩田2020-06-21梨价格行情分布,新疆,4.54
梨,一亩田2020-06-21梨价格行情分布,山东,2.18
梨,一亩田2020-06-21梨价格行情分布,湖南,1.22
杏,一亩田2020-06-21杏价格行情分布,云南,5
杏,一亩田2020-06-21杏价格行情分布,河南,1.77
杏,一亩田2020-06-21杏价格行情分布,江苏,2.35
杏,一亩田2020-06-21杏价格行情分布,吉林,0.1
杏,一亩田2020-06-21杏价格行情分布,陕西,5.22
杏,一亩田2020-06-21杏价格行情分布,山西,2.36
猫屎瓜,一亩田2020-06-21猫屎瓜价格行情分布,云南,48.33
蟠桃,一亩田2020-06-21蟠桃价格行情分布,安徽,7.5
蟠桃,一亩田2020-06-21蟠桃价格行情分布,湖南,4.25
蟠桃,一亩田2020-06-21蟠桃价格行情分布,云南,13.5
蟠桃,一亩田2020-06-21蟠桃价格行情分布,山东,6.29
蟠桃,一亩田2020-06-21蟠桃价格行情分布,江苏,6.67
鲜枣,一亩田2020-06-21鲜枣价格行情分布,宁夏,4
鲜枣,一亩田2020-06-21鲜枣价格行情分布,浙江,8.5
鲜枣,一亩田2020-06-21鲜枣价格行情分布,山西,15.57
水蜜桃,一亩田2020-06-21水蜜桃价格行情分布,广东,8.19
水蜜桃,一亩田2020-06-21水蜜桃价格行情分布,山西,2.04
杏,一亩田2020-06-21杏价格行情分布,浙江,5
杏,一亩田2020-06-21杏价格行情分布,安徽,1.6
杏,一亩田2020-06-21杏价格行情分布,宁夏,4.75
杏,一亩田2020-06-21杏价格行情分布,四川,5.44
杏,一亩田2020-06-21杏价格行情分布,河北,1.6
杏,一亩田2020-06-21杏价格行情分布,湖北,2.75
杏,一亩田2020-06-21杏价格行情分布,广东,19.5
杏,一亩田2020-06-21杏价格行情分布,山东,5.31
杏,一亩田2020-06-21杏价格行情分布,北京,5.4
鲜枣,一亩田2020-06-21鲜枣价格行情分布,湖北,6
鲜枣,一亩田2020-06-21鲜枣价格行情分布,青海,15
鲜枣,一亩田2020-06-21鲜枣价格行情分布,江苏,18.11
鲜枣,一亩田2020-06-21鲜枣价格行情分布,云南,11.68
鲜枣,一亩田2020-06-21鲜枣价格行情分布,甘肃,6.8
鲜枣,一亩田2020-06-21鲜枣价格行情分布,安徽,11
羊奶果,一亩田2020-06-21羊奶果价格行情分布,安徽,60
羊奶果,一亩田2020-06-21羊奶果价格行情分布,云南,17.5
羊奶果,一亩田2020-06-21羊奶果价格行情分布,贵州,15
橙子,一亩田2020-06-21橙子价格行情分布,福建,3.21
杏,一亩田2020-06-21杏价格行情分布,新疆,13.04
杏,一亩田2020-06-21杏价格行情分布,甘肃,5.57
杏,一亩田2020-06-21杏价格行情分布,辽宁,9.26
橙子,一亩田2020-06-21橙子价格行情分布,贵州,3
橙子,一亩田2020-06-21橙子价格行情分布,浙江,2.71
橙子,一亩田2020-06-21橙子价格行情分布,天津,2
橙子,一亩田2020-06-21橙子价格行情分布,北京,1.33
橙子,一亩田2020-06-21橙子价格行情分布,河北,1.04
橙子,一亩田2020-06-21橙子价格行情分布,陕西,1.24
橙子,一亩田2020-06-21橙子价格行情分布,内蒙古,1.4
橙子,一亩田2020-06-21橙子价格行情分布,安徽,4
地稔,一亩田2020-06-21地稔价格行情分布,广西,18
地稔,一亩田2020-06-21地稔价格行情分布,广东,12.6
柑桔,一亩田2020-06-21柑桔价格行情分布,上海,1.25
柑桔,一亩田2020-06-21柑桔价格行情分布,江苏,13.04
柑桔,一亩田2020-06-21柑桔价格行情分布,山东,0.86
柑桔,一亩田2020-06-21柑桔价格行情分布,湖南,1.65
柑桔,一亩田2020-06-21柑桔价格行情分布,甘肃,1.48
柑桔,一亩田2020-06-21柑桔价格行情分布,海南,2.84
刺梨,一亩田2020-06-21刺梨价格行情分布,安徽,7.64
刺梨,一亩田2020-06-21刺梨价格行情分布,四川,4.6
刺梨,一亩田2020-06-21刺梨价格行情分布,河北,9
刺梨,一亩田2020-06-21刺梨价格行情分布,贵州,25.65
八月瓜,一亩田2020-06-21八月瓜价格行情分布,贵州,7.59
八月瓜,一亩田2020-06-21八月瓜价格行情分布,安徽,14.55
八月瓜,一亩田2020-06-21八月瓜价格行情分布,广西,16
八月瓜,一亩田2020-06-21八月瓜价格行情分布,山东,15
八月瓜,一亩田2020-06-21八月瓜价格行情分布,云南,9.96
八月瓜,一亩田2020-06-21八月瓜价格行情分布,湖北,12.33
八月瓜,一亩田2020-06-21八月瓜价格行情分布,湖南,13.87
八月瓜,一亩田2020-06-21八月瓜价格行情分布,四川,10.12
枸橘果,一亩田2020-06-21枸橘果价格行情分布,广东,10
枸橘果,一亩田2020-06-21枸橘果价格行情分布,广西,2.92
枸橘果,一亩田2020-06-21枸橘果价格行情分布,四川,0.05
枸橘果,一亩田2020-06-21枸橘果价格行情分布,安徽,99
枸橘果,一亩田2020-06-21枸橘果价格行情分布,山东,9.23
白刺果,一亩田2020-06-21白刺果价格行情分布,广西,17
橙子,一亩田2020-06-21橙子价格行情分布,重庆,2.06
橙子,一亩田2020-06-21橙子价格行情分布,广西,3.02
柑桔,一亩田2020-06-21柑桔价格行情分布,湖北,0.97
柑桔,一亩田2020-06-21柑桔价格行情分布,北京,1.27
柑桔,一亩田2020-06-21柑桔价格行情分布,福建,3.32
柑桔,一亩田2020-06-21柑桔价格行情分布,河北,2.94
柑桔,一亩田2020-06-21柑桔价格行情分布,广东,7.21
柑桔,一亩田2020-06-21柑桔价格行情分布,安徽,9.22
柑桔,一亩田2020-06-21柑桔价格行情分布,江西,2.15
柑桔,一亩田2020-06-21柑桔价格行情分布,四川,4.02
柑桔,一亩田2020-06-21柑桔价格行情分布,青海,3
八月瓜,一亩田2020-06-21八月瓜价格行情分布,江西,17.04
八月瓜,一亩田2020-06-21八月瓜价格行情分布,陕西,12
橙子,一亩田2020-06-21橙子价格行情分布,江苏,5.75
橙子,一亩田2020-06-21橙子价格行情分布,山东,2
橙子,一亩田2020-06-21橙子价格行情分布,宁夏,0.65
橙子,一亩田2020-06-21橙子价格行情分布,四川,6.19
橙子,一亩田2020-06-21橙子价格行情分布,云南,6.24
橙子,一亩田2020-06-21橙子价格行情分布,湖北,1.57
橙子,一亩田2020-06-21橙子价格行情分布,新疆,16.66
橙子,一亩田2020-06-21橙子价格行情分布,河南,0.82
橙子,一亩田2020-06-21橙子价格行情分布,江西,4.95
柑桔,一亩田2020-06-21柑桔价格行情分布,广西,3.07
柑桔,一亩田2020-06-21柑桔价格行情分布,宁夏,1.85
柑桔,一亩田2020-06-21柑桔价格行情分布,浙江,8.86
柑桔,一亩田2020-06-21柑桔价格行情分布,新疆,3
橙子,一亩田2020-06-21橙子价格行情分布,海南,1
橙子,一亩田2020-06-21橙子价格行情分布,湖南,3.45
橙子,一亩田2020-06-21橙子价格行情分布,青海,1.16
橙子,一亩田2020-06-21橙子价格行情分布,广东,5.94
橙子,一亩田2020-06-21橙子价格行情分布,辽宁,1.4
柑桔,一亩田2020-06-21柑桔价格行情分布,天津,1.25
柑桔,一亩田2020-06-21柑桔价格行情分布,辽宁,8.93
柑桔,一亩田2020-06-21柑桔价格行情分布,重庆,1.2
柑桔,一亩田2020-06-21柑桔价格行情分布,西藏,3
柑桔,一亩田2020-06-21柑桔价格行情分布,山西,0.6
柑桔,一亩田2020-06-21柑桔价格行情分布,河南,0.82
柑桔,一亩田2020-06-21柑桔价格行情分布,陕西,1.2
柑桔,一亩田2020-06-21柑桔价格行情分布,云南,4.21
柑桔,一亩田2020-06-21柑桔价格行情分布,黑龙江,2.46
柑桔,一亩田2020-06-21柑桔价格行情分布,贵州,3.21
酸角,一亩田2020-06-21酸角价格行情分布,海南,25
酸角,一亩田2020-06-21酸角价格行情分布,江苏,27.5
酸角,一亩田2020-06-21酸角价格行情分布,河北,16
酸角,一亩田2020-06-21酸角价格行情分布,云南,11.99
黑莓,一亩田2020-06-21黑莓价格行情分布,河南,14.9
黑莓,一亩田2020-06-21黑莓价格行情分布,江苏,3.58
黑莓,一亩田2020-06-21黑莓价格行情分布,黑龙江,10
黑莓,一亩田2020-06-21黑莓价格行情分布,山东,10.38
柑桔,一亩田2020-06-21柑桔价格行情分布,吉林,2.46
仙人掌果,一亩田2020-06-21仙人掌果价格行情分布,河北,0.9
仙人掌果,一亩田2020-06-21仙人掌果价格行情分布,海南,9.05
仙人掌果,一亩田2020-06-21仙人掌果价格行情分布,广东,10
仙人掌果,一亩田2020-06-21仙人掌果价格行情分布,山东,12
仙人掌果,一亩田2020-06-21仙人掌果价格行情分布,湖南,12
沙棘果,一亩田2020-06-21沙棘果价格行情分布,山西,16.05
沙棘果,一亩田2020-06-21沙棘果价格行情分布,安徽,40
沙棘果,一亩田2020-06-21沙棘果价格行情分布,甘肃,20
沙棘果,一亩田2020-06-21沙棘果价格行情分布,黑龙江,6.18
沙棘果,一亩田2020-06-21沙棘果价格行情分布,新疆,70
树莓果,一亩田2020-06-21树莓果价格行情分布,辽宁,48.33
树莓果,一亩田2020-06-21树莓果价格行情分布,江苏,12.19
拐枣,一亩田2020-06-21拐枣价格行情分布,河南,7.17
拐枣,一亩田2020-06-21拐枣价格行情分布,重庆,7.5
拐枣,一亩田2020-06-21拐枣价格行情分布,陕西,16.66
拐枣,一亩田2020-06-21拐枣价格行情分布,江苏,29
拐枣,一亩田2020-06-21拐枣价格行情分布,湖北,4.45
拐枣,一亩田2020-06-21拐枣价格行情分布,广西,18.5
拐枣,一亩田2020-06-21拐枣价格行情分布,江西,13
拐枣,一亩田2020-06-21拐枣价格行情分布,广东,5
拐枣,一亩田2020-06-21拐枣价格行情分布,云南,15
拐枣,一亩田2020-06-21拐枣价格行情分布,安徽,26.67
灯笼果,一亩田2020-06-21灯笼果价格行情分布,吉林,16.56
灯笼果,一亩田2020-06-21灯笼果价格行情分布,福建,28
灯笼果,一亩田2020-06-21灯笼果价格行情分布,内蒙古,7
灯笼果,一亩田2020-06-21灯笼果价格行情分布,四川,12
灯笼果,一亩田2020-06-21灯笼果价格行情分布,辽宁,14.41
灯笼果,一亩田2020-06-21灯笼果价格行情分布,黑龙江,10.38
灯笼果,一亩田2020-06-21灯笼果价格行情分布,河北,48.13
灯笼果,一亩田2020-06-21灯笼果价格行情分布,云南,19.84
桑葚,一亩田2020-06-21桑葚价格行情分布,广东,24.6
桑葚,一亩田2020-06-21桑葚价格行情分布,江西,15
桑葚,一亩田2020-06-21桑葚价格行情分布,四川,6.79
桑葚,一亩田2020-06-21桑葚价格行情分布,河南,3
桑葚,一亩田2020-06-21桑葚价格行情分布,青海,25.23
桑葚,一亩田2020-06-21桑葚价格行情分布,贵州,11
桑葚,一亩田2020-06-21桑葚价格行情分布,云南,10.7
桑葚,一亩田2020-06-21桑葚价格行情分布,河北,19.8
桑葚,一亩田2020-06-21桑葚价格行情分布,山东,21.51
树莓果,一亩田2020-06-21树莓果价格行情分布,河南,8.45
树莓果,一亩田2020-06-21树莓果价格行情分布,浙江,30
树莓果,一亩田2020-06-21树莓果价格行情分布,黑龙江,12.18
树莓果,一亩田2020-06-21树莓果价格行情分布,吉林,38
树莓果,一亩田2020-06-21树莓果价格行情分布,山东,38
灯笼果,一亩田2020-06-21灯笼果价格行情分布,湖北,79.18
桑葚,一亩田2020-06-21桑葚价格行情分布,新疆,30
桑葚,一亩田2020-06-21桑葚价格行情分布,广西,16.2
桑葚,一亩田2020-06-21桑葚价格行情分布,陕西,2.05
桑葚,一亩田2020-06-21桑葚价格行情分布,福建,0.4
桑葚,一亩田2020-06-21桑葚价格行情分布,江苏,2.08
桑葚,一亩田2020-06-21桑葚价格行情分布,安徽,41.47
无花果,一亩田2020-06-21无花果价格行情分布,北京,20
无花果,一亩田2020-06-21无花果价格行情分布,江苏,5
无花果,一亩田2020-06-21无花果价格行情分布,新疆,28.72
无花果,一亩田2020-06-21无花果价格行情分布,四川,9.12
无花果,一亩田2020-06-21无花果价格行情分布,黑龙江,60
无花果,一亩田2020-06-21无花果价格行情分布,上海,7.5
无花果,一亩田2020-06-21无花果价格行情分布,广东,25.43
无花果,一亩田2020-06-21无花果价格行情分布,浙江,8.49
无花果,一亩田2020-06-21无花果价格行情分布,河南,16.45
无花果,一亩田2020-06-21无花果价格行情分布,云南,11.32
无花果,一亩田2020-06-21无花果价格行情分布,贵州,2
无花果,一亩田2020-06-21无花果价格行情分布,山东,12.48
无花果,一亩田2020-06-21无花果价格行情分布,海南,5
柿子,一亩田2020-06-21柿子价格行情分布,山西,1.7
柿子,一亩田2020-06-21柿子价格行情分布,宁夏,1.67
柿子,一亩田2020-06-21柿子价格行情分布,浙江,0.9
柿子,一亩田2020-06-21柿子价格行情分布,河北,1.76
柿子,一亩田2020-06-21柿子价格行情分布,吉林,0.73
柿子,一亩田2020-06-21柿子价格行情分布,青海,0.9
柿子,一亩田2020-06-21柿子价格行情分布,新疆,7.35
无花果,一亩田2020-06-21无花果价格行情分布,安徽,21.48
无花果,一亩田2020-06-21无花果价格行情分布,江西,15
无花果,一亩田2020-06-21无花果价格行情分布,河北,20
无花果,一亩田2020-06-21无花果价格行情分布,福建,35
无花果,一亩田2020-06-21无花果价格行情分布,湖北,16.5
柿子,一亩田2020-06-21柿子价格行情分布,辽宁,9.65
柿子,一亩田2020-06-21柿子价格行情分布,福建,1.2
柿子,一亩田2020-06-21柿子价格行情分布,江西,8.78
柿子,一亩田2020-06-21柿子价格行情分布,云南,2.74
柿子,一亩田2020-06-21柿子价格行情分布,河南,0.95
柿子,一亩田2020-06-21柿子价格行情分布,江苏,17.77
柿子,一亩田2020-06-21柿子价格行情分布,陕西,6.34
柿子,一亩田2020-06-21柿子价格行情分布,安徽,1.95
柿子,一亩田2020-06-21柿子价格行情分布,广西,4.68
柿子,一亩田2020-06-21柿子价格行情分布,湖南,0.95
柿子,一亩田2020-06-21柿子价格行情分布,湖北,0.9
柿子,一亩田2020-06-21柿子价格行情分布,广东,0.95
草莓,一亩田2020-06-21草莓价格行情分布,湖北,1.5
草莓,一亩田2020-06-21草莓价格行情分布,辽宁,12.44
草莓,一亩田2020-06-21草莓价格行情分布,江苏,19.55
草莓,一亩田2020-06-21草莓价格行情分布,浙江,10
草莓,一亩田2020-06-21草莓价格行情分布,福建,16.34
草莓,一亩田2020-06-21草莓价格行情分布,上海,4.5
猕猴桃,一亩田2020-06-21猕猴桃价格行情分布,陕西,9.24
猕猴桃,一亩田2020-06-21猕猴桃价格行情分布,重庆,6.13
猕猴桃,一亩田2020-06-21猕猴桃价格行情分布,甘肃,36.8
猕猴桃,一亩田2020-06-21猕猴桃价格行情分布,云南,18.22
猕猴桃,一亩田2020-06-21猕猴桃价格行情分布,广东,8.14
猕猴桃,一亩田2020-06-21猕猴桃价格行情分布,吉林,30
圣女果,一亩田2020-06-21圣女果价格行情分布,上海,3.5
圣女果,一亩田2020-06-21圣女果价格行情分布,云南,1.42
圣女果,一亩田2020-06-21圣女果价格行情分布,甘肃,5.5
圣女果,一亩田2020-06-21圣女果价格行情分布,北京,0.95
圣女果,一亩田2020-06-21圣女果价格行情分布,海南,2.85
圣女果,一亩田2020-06-21圣女果价格行情分布,宁夏,3.5
圣女果,一亩田2020-06-21圣女果价格行情分布,陕西,1.87
圣女果,一亩田2020-06-21圣女果价格行情分布,广西,1.25
葡萄,一亩田2020-06-21葡萄价格行情分布,河南,8.12
葡萄,一亩田2020-06-21葡萄价格行情分布,黑龙江,11
葡萄,一亩田2020-06-21葡萄价格行情分布,河北,5.18
葡萄,一亩田2020-06-21葡萄价格行情分布,新疆,26.53
葡萄,一亩田2020-06-21葡萄价格行情分布,湖北,6.73
葡萄,一亩田2020-06-21葡萄价格行情分布,贵州,9.33
葡萄,一亩田2020-06-21葡萄价格行情分布,湖南,9.8
葡萄,一亩田2020-06-21葡萄价格行情分布,广东,22.5
木奶果,一亩田2020-06-21木奶果价格行情分布,云南,30
木奶果,一亩田2020-06-21木奶果价格行情分布,广西,25
柿子,一亩田2020-06-21柿子价格行情分布,北京,0.75
柿子,一亩田2020-06-21柿子价格行情分布,上海,0.95
柿子,一亩田2020-06-21柿子价格行情分布,海南,0.95
柿子,一亩田2020-06-21柿子价格行情分布,天津,0.87
柿子,一亩田2020-06-21柿子价格行情分布,重庆,2.84
柿子,一亩田2020-06-21柿子价格行情分布,四川,1.05
柿子,一亩田2020-06-21柿子价格行情分布,贵州,0.95
柿子,一亩田2020-06-21柿子价格行情分布,山东,3.75
柿子,一亩田2020-06-21柿子价格行情分布,内蒙古,0.9
柿子,一亩田2020-06-21柿子价格行情分布,西藏,0.9
草莓,一亩田2020-06-21草莓价格行情分布,重庆,15.83
草莓,一亩田2020-06-21草莓价格行情分布,陕西,8
草莓,一亩田2020-06-21草莓价格行情分布,安徽,8.7
草莓,一亩田2020-06-21草莓价格行情分布,四川,7.32
草莓,一亩田2020-06-21草莓价格行情分布,新疆,30
草莓,一亩田2020-06-21草莓价格行情分布,云南,8.72
草莓,一亩田2020-06-21草莓价格行情分布,贵州,2.6
猕猴桃,一亩田2020-06-21猕猴桃价格行情分布,黑龙江,11.96
猕猴桃,一亩田2020-06-21猕猴桃价格行情分布,山东,6.29
猕猴桃,一亩田2020-06-21猕猴桃价格行情分布,安徽,5
猕猴桃,一亩田2020-06-21猕猴桃价格行情分布,福建,5
猕猴桃,一亩田2020-06-21猕猴桃价格行情分布,河北,45
猕猴桃,一亩田2020-06-21猕猴桃价格行情分布,湖南,6.76
猕猴桃,一亩田2020-06-21猕猴桃价格行情分布,江苏,6
猕猴桃,一亩田2020-06-21猕猴桃价格行情分布,辽宁,31.67
猕猴桃,一亩田2020-06-21猕猴桃价格行情分布,贵州,6.61
猕猴桃,一亩田2020-06-21猕猴桃价格行情分布,四川,7.08
猕猴桃,一亩田2020-06-21猕猴桃价格行情分布,浙江,6.53
圣女果,一亩田2020-06-21圣女果价格行情分布,内蒙古,2.46
圣女果,一亩田2020-06-21圣女果价格行情分布,河南,1.56
圣女果,一亩田2020-06-21圣女果价格行情分布,山东,3.08
圣女果,一亩田2020-06-21圣女果价格行情分布,湖北,2
圣女果,一亩田2020-06-21圣女果价格行情分布,广东,9.86
圣女果,一亩田2020-06-21圣女果价格行情分布,河北,2.29
圣女果,一亩田2020-06-21圣女果价格行情分布,山西,1.55
圣女果,一亩田2020-06-21圣女果价格行情分布,安徽,3
圣女果,一亩田2020-06-21圣女果价格行情分布,辽宁,3.67
圣女果,一亩田2020-06-21圣女果价格行情分布,浙江,5.25
葡萄,一亩田2020-06-21葡萄价格行情分布,海南,75
葡萄,一亩田2020-06-21葡萄价格行情分布,福建,3.27
葡萄,一亩田2020-06-21葡萄价格行情分布,上海,6.86
葡萄,一亩田2020-06-21葡萄价格行情分布,辽宁,5.61
柿子,一亩田2020-06-21柿子价格行情分布,甘肃,0.9
柿子,一亩田2020-06-21柿子价格行情分布,黑龙江,0.9
草莓,一亩田2020-06-21草莓价格行情分布,宁夏,50.17
草莓,一亩田2020-06-21草莓价格行情分布,山西,25
草莓,一亩田2020-06-21草莓价格行情分布,甘肃,18
草莓,一亩田2020-06-21草莓价格行情分布,山东,12.46
草莓,一亩田2020-06-21草莓价格行情分布,黑龙江,12.22
草莓,一亩田2020-06-21草莓价格行情分布,广西,7.46
蓝莓,一亩田2020-06-21蓝莓价格行情分布,安徽,17.97
蓝莓,一亩田2020-06-21蓝莓价格行情分布,重庆,38
蓝莓,一亩田2020-06-21蓝莓价格行情分布,山东,19.29
蓝莓,一亩田2020-06-21蓝莓价格行情分布,广西,30
蓝莓,一亩田2020-06-21蓝莓价格行情分布,吉林,47
蓝莓,一亩田2020-06-21蓝莓价格行情分布,江苏,18.52
蓝莓,一亩田2020-06-21蓝莓价格行情分布,广东,91.66
猕猴桃,一亩田2020-06-21猕猴桃价格行情分布,湖北,8.44
猕猴桃,一亩田2020-06-21猕猴桃价格行情分布,河南,3.77
猕猴桃,一亩田2020-06-21猕猴桃价格行情分布,江西,8.63
猕猴桃,一亩田2020-06-21猕猴桃价格行情分布,宁夏,4.33
猕猴桃,一亩田2020-06-21猕猴桃价格行情分布,广西,11.16
猕猴桃,一亩田2020-06-21猕猴桃价格行情分布,海南,36.98
猕猴桃,一亩田2020-06-21猕猴桃价格行情分布,上海,3.1
圣女果,一亩田2020-06-21圣女果价格行情分布,天津,0.6
圣女果,一亩田2020-06-21圣女果价格行情分布,江苏,4.21
圣女果,一亩田2020-06-21圣女果价格行情分布,四川,6.09
圣女果,一亩田2020-06-21圣女果价格行情分布,福建,3.75
圣女果,一亩田2020-06-21圣女果价格行情分布,贵州,1.2
葡萄,一亩田2020-06-21葡萄价格行情分布,安徽,9.97
葡萄,一亩田2020-06-21葡萄价格行情分布,天津,3.44
葡萄,一亩田2020-06-21葡萄价格行情分布,四川,9.98
葡萄,一亩田2020-06-21葡萄价格行情分布,重庆,20.52
葡萄,一亩田2020-06-21葡萄价格行情分布,陕西,11.99
葡萄,一亩田2020-06-21葡萄价格行情分布,云南,27.42
葡萄,一亩田2020-06-21葡萄价格行情分布,江苏,9.44
葡萄,一亩田2020-06-21葡萄价格行情分布,宁夏,9.88
草莓,一亩田2020-06-21草莓价格行情分布,广东,11.46
草莓,一亩田2020-06-21草莓价格行情分布,河北,5.08
草莓,一亩田2020-06-21草莓价格行情分布,江西,1.5
草莓,一亩田2020-06-21草莓价格行情分布,湖南,2.8
草莓,一亩田2020-06-21草莓价格行情分布,天津,13.5
草莓,一亩田2020-06-21草莓价格行情分布,河南,9.93
蓝莓,一亩田2020-06-21蓝莓价格行情分布,河南,20.77
蓝莓,一亩田2020-06-21蓝莓价格行情分布,四川,55.75
蓝莓,一亩田2020-06-21蓝莓价格行情分布,贵州,27.64
蓝莓,一亩田2020-06-21蓝莓价格行情分布,黑龙江,40.04
蓝莓,一亩田2020-06-21蓝莓价格行情分布,北京,36.62
蓝莓,一亩田2020-06-21蓝莓价格行情分布,河北,15
蓝莓,一亩田2020-06-21蓝莓价格行情分布,辽宁,22.36
蓝莓,一亩田2020-06-21蓝莓价格行情分布,云南,33.78
蓝莓,一亩田2020-06-21蓝莓价格行情分布,浙江,15.03
蓝莓,一亩田2020-06-21蓝莓价格行情分布,上海,5
蓝莓,一亩田2020-06-21蓝莓价格行情分布,湖北,63.75
葡萄,一亩田2020-06-21葡萄价格行情分布,浙江,8.15
葡萄,一亩田2020-06-21葡萄价格行情分布,江西,5.16
葡萄,一亩田2020-06-21葡萄价格行情分布,吉林,22.5
葡萄,一亩田2020-06-21葡萄价格行情分布,山东,4.44
葡萄,一亩田2020-06-21葡萄价格行情分布,北京,12.75
葡萄,一亩田2020-06-21葡萄价格行情分布,广西,14.19
葡萄,一亩田2020-06-21葡萄价格行情分布,山西,3.22
葡萄,一亩田2020-06-21葡萄价格行情分布,甘肃,4
蓝莓,一亩田2020-06-21蓝莓价格行情分布,湖南,14
人心果,一亩田2020-06-21人心果价格行情分布,广东,5
牛奶果,一亩田2020-06-21牛奶果价格行情分布,江西,15
牛柑果,一亩田2020-06-21牛柑果价格行情分布,云南,5.17
牛柑果,一亩田2020-06-21牛柑果价格行情分布,广东,7
大果藤黄,一亩田2020-06-21大果藤黄价格行情分布,广西,5.5
大果藤黄,一亩田2020-06-21大果藤黄价格行情分布,安徽,14.34
毛丹,一亩田2020-06-21毛丹价格行情分布,广西,41
毛丹,一亩田2020-06-21毛丹价格行情分布,云南,6
毛丹,一亩田2020-06-21毛丹价格行情分布,海南,14.03
毛丹,一亩田2020-06-21毛丹价格行情分布,湖南,3.5
诺丽果,一亩田2020-06-21诺丽果价格行情分布,海南,1
嘉宝果,一亩田2020-06-21嘉宝果价格行情分布,广西,26
嘉宝果,一亩田2020-06-21嘉宝果价格行情分布,福建,21.06
嘉宝果,一亩田2020-06-21嘉宝果价格行情分布,内蒙古,60
嘉宝果,一亩田2020-06-21嘉宝果价格行情分布,广东,52.25
释迦,一亩田2020-06-21释迦价格行情分布,海南,25
释迦,一亩田2020-06-21释迦价格行情分布,云南,16.55
释迦,一亩田2020-06-21释迦价格行情分布,广东,22.5
释迦,一亩田2020-06-21释迦价格行情分布,广西,24.25
甘蔗,一亩田2020-06-21甘蔗价格行情分布,河北,0.97
甘蔗,一亩田2020-06-21甘蔗价格行情分布,河南,9.25
甘蔗,一亩田2020-06-21甘蔗价格行情分布,福建,0.8
甘蔗,一亩田2020-06-21甘蔗价格行情分布,广西,0.58
甘蔗,一亩田2020-06-21甘蔗价格行情分布,四川,0.76
甘蔗,一亩田2020-06-21甘蔗价格行情分布,陕西,1.3
甘蔗,一亩田2020-06-21甘蔗价格行情分布,云南,1.6
甘蔗,一亩田2020-06-21甘蔗价格行情分布,贵州,0.51
甘蔗,一亩田2020-06-21甘蔗价格行情分布,安徽,2.7
甘蔗,一亩田2020-06-21甘蔗价格行情分布,浙江,3.5
甘蔗,一亩田2020-06-21甘蔗价格行情分布,海南,1.43
甘蔗,一亩田2020-06-21甘蔗价格行情分布,江西,0.8
甘蔗,一亩田2020-06-21甘蔗价格行情分布,广东,1.56
尖蜜拉,一亩田2020-06-21尖蜜拉价格行情分布,广东,5
尖蜜拉,一亩田2020-06-21尖蜜拉价格行情分布,四川,5
尖蜜拉,一亩田2020-06-21尖蜜拉价格行情分布,贵州,5
尖蜜拉,一亩田2020-06-21尖蜜拉价格行情分布,云南,15
尖蜜拉,一亩田2020-06-21尖蜜拉价格行情分布,青海,5
莲雾,一亩田2020-06-21莲雾价格行情分布,广东,18.67
莲雾,一亩田2020-06-21莲雾价格行情分布,海南,9.46
莲雾,一亩田2020-06-21莲雾价格行情分布,福建,17.5
莲雾,一亩田2020-06-21莲雾价格行情分布,云南,14.98
莲雾,一亩田2020-06-21莲雾价格行情分布,广西,11.25
杨桃,一亩田2020-06-21杨桃价格行情分布,广东,7.1
杨桃,一亩田2020-06-21杨桃价格行情分布,海南,2.4
杨桃,一亩田2020-06-21杨桃价格行情分布,福建,7.34
杨桃,一亩田2020-06-21杨桃价格行情分布,广西,1.82
杨桃,一亩田2020-06-21杨桃价格行情分布,山东,6
杨桃,一亩田2020-06-21杨桃价格行情分布,云南,2.25
牛油果,一亩田2020-06-21牛油果价格行情分布,云南,14.78
牛油果,一亩田2020-06-21牛油果价格行情分布,广西,8
橄榄,一亩田2020-06-21橄榄价格行情分布,江西,26
橄榄,一亩田2020-06-21橄榄价格行情分布,四川,4.83
橄榄,一亩田2020-06-21橄榄价格行情分布,广东,10.28
橄榄,一亩田2020-06-21橄榄价格行情分布,安徽,16.5
橄榄,一亩田2020-06-21橄榄价格行情分布,广西,6.35
橄榄,一亩田2020-06-21橄榄价格行情分布,河北,6.26
尖蜜拉,一亩田2020-06-21尖蜜拉价格行情分布,北京,5
尖蜜拉,一亩田2020-06-21尖蜜拉价格行情分布,天津,5
尖蜜拉,一亩田2020-06-21尖蜜拉价格行情分布,甘肃,5
尖蜜拉,一亩田2020-06-21尖蜜拉价格行情分布,上海,5
尖蜜拉,一亩田2020-06-21尖蜜拉价格行情分布,重庆,5
尖蜜拉,一亩田2020-06-21尖蜜拉价格行情分布,海南,27.61
尖蜜拉,一亩田2020-06-21尖蜜拉价格行情分布,西藏,5
尖蜜拉,一亩田2020-06-21尖蜜拉价格行情分布,河北,5
龙眼,一亩田2020-06-21龙眼价格行情分布,广东,7.06
龙眼,一亩田2020-06-21龙眼价格行情分布,福建,4.15
龙眼,一亩田2020-06-21龙眼价格行情分布,陕西,30.34
龙眼,一亩田2020-06-21龙眼价格行情分布,海南,8.22
龙眼,一亩田2020-06-21龙眼价格行情分布,四川,8.78
龙眼,一亩田2020-06-21龙眼价格行情分布,江苏,7.5
龙眼,一亩田2020-06-21龙眼价格行情分布,广西,10.76
橄榄,一亩田2020-06-21橄榄价格行情分布,云南,9.67
橄榄,一亩田2020-06-21橄榄价格行情分布,内蒙古,0.65
尖蜜拉,一亩田2020-06-21尖蜜拉价格行情分布,山西,5
凤梨,一亩田2020-06-21凤梨价格行情分布,四川,1.8
凤梨,一亩田2020-06-21凤梨价格行情分布,重庆,10.93
凤梨,一亩田2020-06-21凤梨价格行情分布,广西,4.42
凤梨,一亩田2020-06-21凤梨价格行情分布,云南,2.5
凤梨,一亩田2020-06-21凤梨价格行情分布,河南,1
尖蜜拉,一亩田2020-06-21尖蜜拉价格行情分布,内蒙古,5
凤梨,一亩田2020-06-21凤梨价格行情分布,福建,29.4
凤梨,一亩田2020-06-21凤梨价格行情分布,广东,16.81
番石榴,一亩田2020-06-21番石榴价格行情分布,海南,1
番石榴,一亩田2020-06-21番石榴价格行情分布,安徽,15
山竹,一亩田2020-06-21山竹价格行情分布,云南,13.31
山竹,一亩田2020-06-21山竹价格行情分布,广西,23.21
山竹,一亩田2020-06-21山竹价格行情分布,山东,10
菠萝,一亩田2020-06-21菠萝价格行情分布,山东,1.8
菠萝,一亩田2020-06-21菠萝价格行情分布,云南,2.22
菠萝,一亩田2020-06-21菠萝价格行情分布,广东,2.82
菠萝,一亩田2020-06-21菠萝价格行情分布,安徽,55
木瓜,一亩田2020-06-21木瓜价格行情分布,云南,1.73
木瓜,一亩田2020-06-21木瓜价格行情分布,安徽,1.72
木瓜,一亩田2020-06-21木瓜价格行情分布,新疆,1
木瓜,一亩田2020-06-21木瓜价格行情分布,天津,1
榴莲,一亩田2020-06-21榴莲价格行情分布,湖南,15.75
榴莲,一亩田2020-06-21榴莲价格行情分布,河南,53.16
榴莲,一亩田2020-06-21榴莲价格行情分布,上海,50
榴莲,一亩田2020-06-21榴莲价格行情分布,江苏,41.6
榴莲,一亩田2020-06-21榴莲价格行情分布,辽宁,23.74
榴莲,一亩田2020-06-21榴莲价格行情分布,山西,14
榴莲,一亩田2020-06-21榴莲价格行情分布,浙江,58.05
柚子,一亩田2020-06-21柚子价格行情分布,广东,3.06
柚子,一亩田2020-06-21柚子价格行情分布,四川,2.82
尖蜜拉,一亩田2020-06-21尖蜜拉价格行情分布,新疆,5
尖蜜拉,一亩田2020-06-21尖蜜拉价格行情分布,辽宁,5
尖蜜拉,一亩田2020-06-21尖蜜拉价格行情分布,吉林,5
尖蜜拉,一亩田2020-06-21尖蜜拉价格行情分布,黑龙江,5
尖蜜拉,一亩田2020-06-21尖蜜拉价格行情分布,陕西,5
尖蜜拉,一亩田2020-06-21尖蜜拉价格行情分布,江苏,5
凤梨,一亩田2020-06-21凤梨价格行情分布,海南,1.57
番石榴,一亩田2020-06-21番石榴价格行情分布,江苏,47.5
番石榴,一亩田2020-06-21番石榴价格行情分布,广东,2.13
番石榴,一亩田2020-06-21番石榴价格行情分布,福建,4.03
番石榴,一亩田2020-06-21番石榴价格行情分布,湖北,1.7
番石榴,一亩田2020-06-21番石榴价格行情分布,广西,1.49
番石榴,一亩田2020-06-21番石榴价格行情分布,云南,4.5
番石榴,一亩田2020-06-21番石榴价格行情分布,江西,5
山竹,一亩田2020-06-21山竹价格行情分布,广东,9.61
山竹,一亩田2020-06-21山竹价格行情分布,海南,49
菠萝,一亩田2020-06-21菠萝价格行情分布,河北,1.17
菠萝,一亩田2020-06-21菠萝价格行情分布,广西,2.35
菠萝,一亩田2020-06-21菠萝价格行情分布,浙江,1
菠萝,一亩田2020-06-21菠萝价格行情分布,辽宁,18
菠萝,一亩田2020-06-21菠萝价格行情分布,吉林,1.3
菠萝,一亩田2020-06-21菠萝价格行情分布,江苏,2.31
菠萝,一亩田2020-06-21菠萝价格行情分布,上海,2.5
木瓜,一亩田2020-06-21木瓜价格行情分布,海南,1.06
木瓜,一亩田2020-06-21木瓜价格行情分布,北京,1
木瓜,一亩田2020-06-21木瓜价格行情分布,上海,1
木瓜,一亩田2020-06-21木瓜价格行情分布,福建,1.45
木瓜,一亩田2020-06-21木瓜价格行情分布,重庆,1
木瓜,一亩田2020-06-21木瓜价格行情分布,西藏,1
木瓜,一亩田2020-06-21木瓜价格行情分布,青海,1
榴莲,一亩田2020-06-21榴莲价格行情分布,广西,28.08
榴莲,一亩田2020-06-21榴莲价格行情分布,北京,8.5
榴莲,一亩田2020-06-21榴莲价格行情分布,四川,44.59
榴莲,一亩田2020-06-21榴莲价格行情分布,广东,43.91
榴莲,一亩田2020-06-21榴莲价格行情分布,云南,40.91
柚子,一亩田2020-06-21柚子价格行情分布,海南,3.42
柚子,一亩田2020-06-21柚子价格行情分布,江西,3.85
柚子,一亩田2020-06-21柚子价格行情分布,江苏,1.9
柚子,一亩田2020-06-21柚子价格行情分布,福建,1.96
柚子,一亩田2020-06-21柚子价格行情分布,湖南,2.31
柚子,一亩田2020-06-21柚子价格行情分布,云南,6.95
柚子,一亩田2020-06-21柚子价格行情分布,浙江,2.77
柚子,一亩田2020-06-21柚子价格行情分布,湖北,1.02
柠檬,一亩田2020-06-21柠檬价格行情分布,福建,8.9
柠檬,一亩田2020-06-21柠檬价格行情分布,河北,54
柠檬,一亩田2020-06-21柠檬价格行情分布,四川,9.15
柠檬,一亩田2020-06-21柠檬价格行情分布,重庆,1.95
柠檬,一亩田2020-06-21柠檬价格行情分布,广东,3.52
柠檬,一亩田2020-06-21柠檬价格行情分布,云南,9.38
柠檬,一亩田2020-06-21柠檬价格行情分布,江西,2.26
枇杷,一亩田2020-06-21枇杷价格行情分布,四川,9.21
枇杷,一亩田2020-06-21枇杷价格行情分布,浙江,14.03
枇杷,一亩田2020-06-21枇杷价格行情分布,贵州,8.3
枇杷,一亩田2020-06-21枇杷价格行情分布,河南,50
枇杷,一亩田2020-06-21枇杷价格行情分布,山东,17
尖蜜拉,一亩田2020-06-21尖蜜拉价格行情分布,浙江,5
尖蜜拉,一亩田2020-06-21尖蜜拉价格行情分布,安徽,5
尖蜜拉,一亩田2020-06-21尖蜜拉价格行情分布,广西,8.56
尖蜜拉,一亩田2020-06-21尖蜜拉价格行情分布,福建,5
尖蜜拉,一亩田2020-06-21尖蜜拉价格行情分布,江西,5
尖蜜拉,一亩田2020-06-21尖蜜拉价格行情分布,山东,5
尖蜜拉,一亩田2020-06-21尖蜜拉价格行情分布,河南,5
菠萝蜜,一亩田2020-06-21菠萝蜜价格行情分布,湖北,1.75
菠萝蜜,一亩田2020-06-21菠萝蜜价格行情分布,山东,1.4
菠萝蜜,一亩田2020-06-21菠萝蜜价格行情分布,湖南,1.41
菠萝蜜,一亩田2020-06-21菠萝蜜价格行情分布,河南,1.34
菠萝蜜,一亩田2020-06-21菠萝蜜价格行情分布,云南,1.99
菠萝蜜,一亩田2020-06-21菠萝蜜价格行情分布,陕西,1.26
菠萝蜜,一亩田2020-06-21菠萝蜜价格行情分布,四川,1.3
菠萝,一亩田2020-06-21菠萝价格行情分布,海南,9.59
菠萝,一亩田2020-06-21菠萝价格行情分布,黑龙江,1.3
菠萝,一亩田2020-06-21菠萝价格行情分布,福建,4.83
木瓜,一亩田2020-06-21木瓜价格行情分布,山西,1
木瓜,一亩田2020-06-21木瓜价格行情分布,河南,1.09
木瓜,一亩田2020-06-21木瓜价格行情分布,内蒙古,1
木瓜,一亩田2020-06-21木瓜价格行情分布,贵州,1
木瓜,一亩田2020-06-21木瓜价格行情分布,辽宁,1
木瓜,一亩田2020-06-21木瓜价格行情分布,浙江,1.11
木瓜,一亩田2020-06-21木瓜价格行情分布,吉林,1
榴莲,一亩田2020-06-21榴莲价格行情分布,河北,8.42
榴莲,一亩田2020-06-21榴莲价格行情分布,山东,41.59
榴莲,一亩田2020-06-21榴莲价格行情分布,海南,42.51
榴莲,一亩田2020-06-21榴莲价格行情分布,天津,14
榴莲,一亩田2020-06-21榴莲价格行情分布,重庆,8.46
榴莲,一亩田2020-06-21榴莲价格行情分布,贵州,28
柚子,一亩田2020-06-21柚子价格行情分布,陕西,3
柚子,一亩田2020-06-21柚子价格行情分布,贵州,10.5
柚子,一亩田2020-06-21柚子价格行情分布,重庆,1.05
柚子,一亩田2020-06-21柚子价格行情分布,河北,0.94
柚子,一亩田2020-06-21柚子价格行情分布,广西,6.46
柚子,一亩田2020-06-21柚子价格行情分布,山东,6.95
柠檬,一亩田2020-06-21柠檬价格行情分布,广西,4.11
柠檬,一亩田2020-06-21柠檬价格行情分布,贵州,2
柠檬,一亩田2020-06-21柠檬价格行情分布,浙江,2.16
柠檬,一亩田2020-06-21柠檬价格行情分布,海南,2.09
柠檬,一亩田2020-06-21柠檬价格行情分布,河南,35
枇杷,一亩田2020-06-21枇杷价格行情分布,广西,7.88
枇杷,一亩田2020-06-21枇杷价格行情分布,福建,35.65
枇杷,一亩田2020-06-21枇杷价格行情分布,广东,13.05
枇杷,一亩田2020-06-21枇杷价格行情分布,重庆,8.16
枇杷,一亩田2020-06-21枇杷价格行情分布,湖北,22
枇杷,一亩田2020-06-21枇杷价格行情分布,江苏,15
枇杷,一亩田2020-06-21枇杷价格行情分布,云南,11.47
菠萝蜜,一亩田2020-06-21菠萝蜜价格行情分布,贵州,1.36
菠萝蜜,一亩田2020-06-21菠萝蜜价格行情分布,西藏,1.26
菠萝蜜,一亩田2020-06-21菠萝蜜价格行情分布,北京,1.26
菠萝蜜,一亩田2020-06-21菠萝蜜价格行情分布,天津,1.26
菠萝蜜,一亩田2020-06-21菠萝蜜价格行情分布,上海,1.26
木瓜,一亩田2020-06-21木瓜价格行情分布,黑龙江,1
木瓜,一亩田2020-06-21木瓜价格行情分布,四川,1
木瓜,一亩田2020-06-21木瓜价格行情分布,河北,1.67
木瓜,一亩田2020-06-21木瓜价格行情分布,江苏,0.99
木瓜,一亩田2020-06-21木瓜价格行情分布,山东,1
木瓜,一亩田2020-06-21木瓜价格行情分布,陕西,2.8
木瓜,一亩田2020-06-21木瓜价格行情分布,湖南,0.99
香蕉,一亩田2020-06-21香蕉价格行情分布,海南,1.54
香蕉,一亩田2020-06-21香蕉价格行情分布,湖南,0.75
香蕉,一亩田2020-06-21香蕉价格行情分布,广西,1.45
香蕉,一亩田2020-06-21香蕉价格行情分布,云南,1.34
香蕉,一亩田2020-06-21香蕉价格行情分布,四川,2.71
香蕉,一亩田2020-06-21香蕉价格行情分布,陕西,0.75
香蕉,一亩田2020-06-21香蕉价格行情分布,青海,0.75
香蕉,一亩田2020-06-21香蕉价格行情分布,西藏,0.75
火龙果,一亩田2020-06-21火龙果价格行情分布,河南,2
火龙果,一亩田2020-06-21火龙果价格行情分布,宁夏,2
火龙果,一亩田2020-06-21火龙果价格行情分布,四川,4.29
火龙果,一亩田2020-06-21火龙果价格行情分布,山东,2.67
火龙果,一亩田2020-06-21火龙果价格行情分布,湖南,2
百香果,一亩田2020-06-21百香果价格行情分布,贵州,4.15
百香果,一亩田2020-06-21百香果价格行情分布,重庆,2.53
百香果,一亩田2020-06-21百香果价格行情分布,湖北,3.5
百香果,一亩田2020-06-21百香果价格行情分布,湖南,26.75
百香果,一亩田2020-06-21百香果价格行情分布,四川,6.38
百香果,一亩田2020-06-21百香果价格行情分布,山东,17.71
芒果,一亩田2020-06-21芒果价格行情分布,云南,2.87
芒果,一亩田2020-06-21芒果价格行情分布,西藏,1.96
芒果,一亩田2020-06-21芒果价格行情分布,广东,1.99
菠萝蜜,一亩田2020-06-21菠萝蜜价格行情分布,甘肃,1.26
菠萝蜜,一亩田2020-06-21菠萝蜜价格行情分布,重庆,1.28
菠萝蜜,一亩田2020-06-21菠萝蜜价格行情分布,海南,2.58
菠萝蜜,一亩田2020-06-21菠萝蜜价格行情分布,青海,1.26
菠萝蜜,一亩田2020-06-21菠萝蜜价格行情分布,河北,1.26
菠萝蜜,一亩田2020-06-21菠萝蜜价格行情分布,宁夏,1.26
木瓜,一亩田2020-06-21木瓜价格行情分布,广东,1.32
木瓜,一亩田2020-06-21木瓜价格行情分布,甘肃,1
木瓜,一亩田2020-06-21木瓜价格行情分布,广西,2.29
木瓜,一亩田2020-06-21木瓜价格行情分布,宁夏,1
木瓜,一亩田2020-06-21木瓜价格行情分布,湖北,3.48
木瓜,一亩田2020-06-21木瓜价格行情分布,江西,1
香蕉,一亩田2020-06-21香蕉价格行情分布,福建,1.92
香蕉,一亩田2020-06-21香蕉价格行情分布,贵州,1.06
香蕉,一亩田2020-06-21香蕉价格行情分布,宁夏,0.75
香蕉,一亩田2020-06-21香蕉价格行情分布,上海,1.13
香蕉,一亩田2020-06-21香蕉价格行情分布,天津,0.75
香蕉,一亩田2020-06-21香蕉价格行情分布,重庆,0.91
香蕉,一亩田2020-06-21香蕉价格行情分布,北京,0.75
火龙果,一亩田2020-06-21火龙果价格行情分布,湖北,2
火龙果,一亩田2020-06-21火龙果价格行情分布,浙江,3.71
火龙果,一亩田2020-06-21火龙果价格行情分布,安徽,8.99
火龙果,一亩田2020-06-21火龙果价格行情分布,广东,4.56
火龙果,一亩田2020-06-21火龙果价格行情分布,陕西,2
火龙果,一亩田2020-06-21火龙果价格行情分布,西藏,2
火龙果,一亩田2020-06-21火龙果价格行情分布,上海,2
火龙果,一亩田2020-06-21火龙果价格行情分布,天津,2
嘎喱罗,一亩田2020-06-21嘎喱罗价格行情分布,云南,21.43
百香果,一亩田2020-06-21百香果价格行情分布,海南,6.67
百香果,一亩田2020-06-21百香果价格行情分布,福建,6.57
百香果,一亩田2020-06-21百香果价格行情分布,浙江,5.49
百香果,一亩田2020-06-21百香果价格行情分布,云南,6.87
百香果,一亩田2020-06-21百香果价格行情分布,广西,6.05
百香果,一亩田2020-06-21百香果价格行情分布,广东,6.86
百香果,一亩田2020-06-21百香果价格行情分布,北京,5.75
百香果,一亩田2020-06-21百香果价格行情分布,江西,6.82
芒果,一亩田2020-06-21芒果价格行情分布,北京,1.92
芒果,一亩田2020-06-21芒果价格行情分布,甘肃,1.92
芒果,一亩田2020-06-21芒果价格行情分布,陕西,2.34
芒果,一亩田2020-06-21芒果价格行情分布,天津,2.09
芒果,一亩田2020-06-21芒果价格行情分布,福建,2.07
芒果,一亩田2020-06-21芒果价格行情分布,上海,2.18
芒果,一亩田2020-06-21芒果价格行情分布,青海,1.94
芒果,一亩田2020-06-21芒果价格行情分布,河北,1.95
芒果,一亩田2020-06-21芒果价格行情分布,宁夏,1.95
菠萝蜜,一亩田2020-06-21菠萝蜜价格行情分布,山西,1.26
菠萝蜜,一亩田2020-06-21菠萝蜜价格行情分布,新疆,1.26
菠萝蜜,一亩田2020-06-21菠萝蜜价格行情分布,内蒙古,1.26
菠萝蜜,一亩田2020-06-21菠萝蜜价格行情分布,辽宁,1.26
菠萝蜜,一亩田2020-06-21菠萝蜜价格行情分布,广西,5.04
菠萝蜜,一亩田2020-06-21菠萝蜜价格行情分布,吉林,1.26
菠萝蜜,一亩田2020-06-21菠萝蜜价格行情分布,黑龙江,1.26
菠萝蜜,一亩田2020-06-21菠萝蜜价格行情分布,江苏,3.02
菠萝蜜,一亩田2020-06-21菠萝蜜价格行情分布,浙江,1.26
菠萝蜜,一亩田2020-06-21菠萝蜜价格行情分布,安徽,1.34
荔枝,一亩田2020-06-21荔枝价格行情分布,黑龙江,4.25
荔枝,一亩田2020-06-21荔枝价格行情分布,广东,8.54
荔枝,一亩田2020-06-21荔枝价格行情分布,吉林,4.25
荔枝,一亩田2020-06-21荔枝价格行情分布,云南,6.1
荔枝,一亩田2020-06-21荔枝价格行情分布,辽宁,4.25
荔枝,一亩田2020-06-21荔枝价格行情分布,四川,5.26
荔枝,一亩田2020-06-21荔枝价格行情分布,安徽,4.28
荔枝,一亩田2020-06-21荔枝价格行情分布,浙江,5.42
仁面果,一亩田2020-06-21仁面果价格行情分布,陕西,0.66
仁面果,一亩田2020-06-21仁面果价格行情分布,广东,12.98
神秘果,一亩田2020-06-21神秘果价格行情分布,广东,100
神秘果,一亩田2020-06-21神秘果价格行情分布,河北,20
香蕉,一亩田2020-06-21香蕉价格行情分布,甘肃,0.75
香蕉,一亩田2020-06-21香蕉价格行情分布,山西,0.75
香蕉,一亩田2020-06-21香蕉价格行情分布,新疆,0.75
香蕉,一亩田2020-06-21香蕉价格行情分布,河北,0.89
香蕉,一亩田2020-06-21香蕉价格行情分布,吉林,0.75
香蕉,一亩田2020-06-21香蕉价格行情分布,山东,0.77
香蕉,一亩田2020-06-21香蕉价格行情分布,辽宁,0.75
香蕉,一亩田2020-06-21香蕉价格行情分布,内蒙古,0.75
香蕉,一亩田2020-06-21香蕉价格行情分布,浙江,0.75
火龙果,一亩田2020-06-21火龙果价格行情分布,福建,4.29
火龙果,一亩田2020-06-21火龙果价格行情分布,北京,2
火龙果,一亩田2020-06-21火龙果价格行情分布,青海,2
火龙果,一亩田2020-06-21火龙果价格行情分布,江西,3
火龙果,一亩田2020-06-21火龙果价格行情分布,江苏,5.16
火龙果,一亩田2020-06-21火龙果价格行情分布,山西,2
火龙果,一亩田2020-06-21火龙果价格行情分布,广西,6.34
火龙果,一亩田2020-06-21火龙果价格行情分布,河北,2
火龙果,一亩田2020-06-21火龙果价格行情分布,甘肃,2
火龙果,一亩田2020-06-21火龙果价格行情分布,重庆,2
芒果,一亩田2020-06-21芒果价格行情分布,海南,2.48
芒果,一亩田2020-06-21芒果价格行情分布,山西,1.99
芒果,一亩田2020-06-21芒果价格行情分布,新疆,2.07
芒果,一亩田2020-06-21芒果价格行情分布,内蒙古,1.94
芒果,一亩田2020-06-21芒果价格行情分布,辽宁,1.9
芒果,一亩田2020-06-21芒果价格行情分布,黑龙江,1.89
芒果,一亩田2020-06-21芒果价格行情分布,重庆,2.03
芒果,一亩田2020-06-21芒果价格行情分布,山东,2.03
芒果,一亩田2020-06-21芒果价格行情分布,江苏,2.11
芒果,一亩田2020-06-21芒果价格行情分布,四川,2.53
芒果,一亩田2020-06-21芒果价格行情分布,安徽,2.02
菠萝蜜,一亩田2020-06-21菠萝蜜价格行情分布,福建,1.26
菠萝蜜,一亩田2020-06-21菠萝蜜价格行情分布,广东,3.2
菠萝蜜,一亩田2020-06-21菠萝蜜价格行情分布,江西,1.32
荔枝,一亩田2020-06-21荔枝价格行情分布,广西,5.35
荔枝,一亩田2020-06-21荔枝价格行情分布,江西,3.92
荔枝,一亩田2020-06-21荔枝价格行情分布,山东,5.54
荔枝,一亩田2020-06-21荔枝价格行情分布,湖南,4.25
荔枝,一亩田2020-06-21荔枝价格行情分布,新疆,4.25
荔枝,一亩田2020-06-21荔枝价格行情分布,湖北,4.25
荔枝,一亩田2020-06-21荔枝价格行情分布,江苏,12.5
荔枝,一亩田2020-06-21荔枝价格行情分布,海南,7.28
荔枝,一亩田2020-06-21荔枝价格行情分布,甘肃,4.25
香蕉,一亩田2020-06-21香蕉价格行情分布,河南,0.75
香蕉,一亩田2020-06-21香蕉价格行情分布,江苏,0.75
香蕉,一亩田2020-06-21香蕉价格行情分布,黑龙江,0.75
香蕉,一亩田2020-06-21香蕉价格行情分布,江西,0.75
香蕉,一亩田2020-06-21香蕉价格行情分布,广东,1.31
香蕉,一亩田2020-06-21香蕉价格行情分布,安徽,1.85
香蕉,一亩田2020-06-21香蕉价格行情分布,湖北,0.75
火龙果,一亩田2020-06-21火龙果价格行情分布,新疆,2
火龙果,一亩田2020-06-21火龙果价格行情分布,辽宁,2
火龙果,一亩田2020-06-21火龙果价格行情分布,内蒙古,2
火龙果,一亩田2020-06-21火龙果价格行情分布,海南,3.46
火龙果,一亩田2020-06-21火龙果价格行情分布,黑龙江,2
火龙果,一亩田2020-06-21火龙果价格行情分布,吉林,2
火龙果,一亩田2020-06-21火龙果价格行情分布,贵州,3.14
火龙果,一亩田2020-06-21火龙果价格行情分布,云南,4.67
芒果,一亩田2020-06-21芒果价格行情分布,广西,2.85
芒果,一亩田2020-06-21芒果价格行情分布,江西,2
芒果,一亩田2020-06-21芒果价格行情分布,吉林,1.94
芒果,一亩田2020-06-21芒果价格行情分布,浙江,2.05
芒果,一亩田2020-06-21芒果价格行情分布,河南,2.01
芒果,一亩田2020-06-21芒果价格行情分布,贵州,2.04
芒果,一亩田2020-06-21芒果价格行情分布,湖南,1.9
芒果,一亩田2020-06-21芒果价格行情分布,湖北,2.01
荔枝,一亩田2020-06-21荔枝价格行情分布,陕西,4.25
荔枝,一亩田2020-06-21荔枝价格行情分布,西藏,4.25
荔枝,一亩田2020-06-21荔枝价格行情分布,上海,4.25
荔枝,一亩田2020-06-21荔枝价格行情分布,贵州,11.16
荔枝,一亩田2020-06-21荔枝价格行情分布,重庆,4.25
荔枝,一亩田2020-06-21荔枝价格行情分布,天津,4.25
荔枝,一亩田2020-06-21荔枝价格行情分布,北京,5.35
荔枝,一亩田2020-06-21荔枝价格行情分布,青海,4.25
荔枝,一亩田2020-06-21荔枝价格行情分布,山西,4.25
荔枝,一亩田2020-06-21荔枝价格行情分布,宁夏,4.25
沙枣,一亩田2020-06-21沙枣价格行情分布,新疆,19
沙枣,一亩田2020-06-21沙枣价格行情分布,甘肃,16.33
钙果,一亩田2020-06-21钙果价格行情分布,山西,70.55
钙果,一亩田2020-06-21钙果价格行情分布,河北,17.5
钙果,一亩田2020-06-21钙果价格行情分布,山东,29.91
布福娜,一亩田2020-06-21布福娜价格行情分布,湖南,30.62
布福娜,一亩田2020-06-21布福娜价格行情分布,广东,24.33
布福娜,一亩田2020-06-21布福娜价格行情分布,安徽,10
布福娜,一亩田2020-06-21布福娜价格行情分布,江西,24.17
布福娜,一亩田2020-06-21布福娜价格行情分布,广西,28.42
布福娜,一亩田2020-06-21布福娜价格行情分布,云南,13.91
樱桃,一亩田2020-06-21樱桃价格行情分布,江西,23.66
樱桃,一亩田2020-06-21樱桃价格行情分布,山西,15.97
樱桃,一亩田2020-06-21樱桃价格行情分布,浙江,26.79
樱桃,一亩田2020-06-21樱桃价格行情分布,江苏,17.73
樱桃,一亩田2020-06-21樱桃价格行情分布,海南,41.08
樱桃,一亩田2020-06-21樱桃价格行情分布,内蒙古,40.83
樱桃,一亩田2020-06-21樱桃价格行情分布,四川,20.81
樱桃,一亩田2020-06-21樱桃价格行情分布,湖北,3.06
樱桃,一亩田2020-06-21樱桃价格行情分布,甘肃,12.11
樱桃,一亩田2020-06-21樱桃价格行情分布,广东,53
荔枝,一亩田2020-06-21荔枝价格行情分布,河北,4
荔枝,一亩田2020-06-21荔枝价格行情分布,内蒙古,4.25
荔枝,一亩田2020-06-21荔枝价格行情分布,福建,5.03
荔枝,一亩田2020-06-21荔枝价格行情分布,河南,3.36
樱桃,一亩田2020-06-21樱桃价格行情分布,安徽,4.66
樱桃,一亩田2020-06-21樱桃价格行情分布,云南,20.29
樱桃,一亩田2020-06-21樱桃价格行情分布,上海,28.2
樱桃,一亩田2020-06-21樱桃价格行情分布,北京,37.97
樱桃,一亩田2020-06-21樱桃价格行情分布,山东,17.53
樱桃,一亩田2020-06-21樱桃价格行情分布,辽宁,23.54
苹果,一亩田2020-06-21苹果价格行情分布,北京,2.87
苹果,一亩田2020-06-21苹果价格行情分布,安徽,1.81
苹果,一亩田2020-06-21苹果价格行情分布,四川,2.77
苹果,一亩田2020-06-21苹果价格行情分布,河南,1.89
苹果,一亩田2020-06-21苹果价格行情分布,重庆,1.35
苹果,一亩田2020-06-21苹果价格行情分布,海南,9.25
苹果,一亩田2020-06-21苹果价格行情分布,江苏,1.67
油桃,一亩田2020-06-21油桃价格行情分布,四川,2.08
油桃,一亩田2020-06-21油桃价格行情分布,广东,3.5
油桃,一亩田2020-06-21油桃价格行情分布,山西,1.44
油桃,一亩田2020-06-21油桃价格行情分布,广西,2
油桃,一亩田2020-06-21油桃价格行情分布,福建,2
油桃,一亩田2020-06-21油桃价格行情分布,新疆,4.87
油桃,一亩田2020-06-21油桃价格行情分布,甘肃,2
李子,一亩田2020-06-21李子价格行情分布,山西,1.68
李子,一亩田2020-06-21李子价格行情分布,吉林,3
李子,一亩田2020-06-21李子价格行情分布,西藏,3.42
李子,一亩田2020-06-21李子价格行情分布,广东,6.13
李子,一亩田2020-06-21李子价格行情分布,湖南,5.51
李子,一亩田2020-06-21李子价格行情分布,贵州,11.55
李子,一亩田2020-06-21李子价格行情分布,云南,4.25
李子,一亩田2020-06-21李子价格行情分布,安徽,3.3
李子,一亩田2020-06-21李子价格行情分布,重庆,5.82
毛桃,一亩田2020-06-21毛桃价格行情分布,湖北,1.55
毛桃,一亩田2020-06-21毛桃价格行情分布,广东,4
毛桃,一亩田2020-06-21毛桃价格行情分布,江西,0.7
毛桃,一亩田2020-06-21毛桃价格行情分布,安徽,2.83
毛桃,一亩田2020-06-21毛桃价格行情分布,浙江,2.4
樱桃,一亩田2020-06-21樱桃价格行情分布,贵州,11.6
樱桃,一亩田2020-06-21樱桃价格行情分布,河北,14.88
樱桃,一亩田2020-06-21樱桃价格行情分布,陕西,26.9
樱桃,一亩田2020-06-21樱桃价格行情分布,新疆,39.82
樱桃,一亩田2020-06-21樱桃价格行情分布,河南,13.95
苹果,一亩田2020-06-21苹果价格行情分布,宁夏,1.69
苹果,一亩田2020-06-21苹果价格行情分布,内蒙古,2.13
苹果,一亩田2020-06-21苹果价格行情分布,吉林,2.28
苹果,一亩田2020-06-21苹果价格行情分布,黑龙江,1.17
苹果,一亩田2020-06-21苹果价格行情分布,山东,2.02
苹果,一亩田2020-06-21苹果价格行情分布,河北,2.07
苹果,一亩田2020-06-21苹果价格行情分布,天津,1.17
苹果,一亩田2020-06-21苹果价格行情分布,云南,14.41
苹果,一亩田2020-06-21苹果价格行情分布,福建,7.96
苹果,一亩田2020-06-21苹果价格行情分布,湖南,1.79
油桃,一亩田2020-06-21油桃价格行情分布,安徽,1.51
油桃,一亩田2020-06-21油桃价格行情分布,北京,2.45
油桃,一亩田2020-06-21油桃价格行情分布,宁夏,1.5
油桃,一亩田2020-06-21油桃价格行情分布,重庆,1.73
油桃,一亩田2020-06-21油桃价格行情分布,山东,2
油桃,一亩田2020-06-21油桃价格行情分布,河北,1.78
油桃,一亩田2020-06-21油桃价格行情分布,辽宁,3.05
油桃,一亩田2020-06-21油桃价格行情分布,河南,1.36
李子,一亩田2020-06-21李子价格行情分布,河北,7.85
李子,一亩田2020-06-21李子价格行情分布,浙江,11.48
李子,一亩田2020-06-21李子价格行情分布,河南,3.07
李子,一亩田2020-06-21李子价格行情分布,陕西,1.36
李子,一亩田2020-06-21李子价格行情分布,广西,4.13
李子,一亩田2020-06-21李子价格行情分布,山东,2.91
李子,一亩田2020-06-21李子价格行情分布,江西,7.07
李子,一亩田2020-06-21李子价格行情分布,黑龙江,5.7
李子,一亩田2020-06-21李子价格行情分布,新疆,16.29
毛桃,一亩田2020-06-21毛桃价格行情分布,四川,5.46
毛桃,一亩田2020-06-21毛桃价格行情分布,河北,1.66
毛桃,一亩田2020-06-21毛桃价格行情分布,湖南,3.68
毛桃,一亩田2020-06-21毛桃价格行情分布,天津,1.59
毛桃,一亩田2020-06-21毛桃价格行情分布,广西,20.29
毛桃,一亩田2020-06-21毛桃价格行情分布,重庆,2.29
苹果,一亩田2020-06-21苹果价格行情分布,甘肃,2.72
苹果,一亩田2020-06-21苹果价格行情分布,广西,2
苹果,一亩田2020-06-21苹果价格行情分布,贵州,1.39
苹果,一亩田2020-06-21苹果价格行情分布,新疆,11.62
苹果,一亩田2020-06-21苹果价格行情分布,湖北,2.99
苹果,一亩田2020-06-21苹果价格行情分布,浙江,1.35
苹果,一亩田2020-06-21苹果价格行情分布,广东,20.9
油桃,一亩田2020-06-21油桃价格行情分布,陕西,1.31
油桃,一亩田2020-06-21油桃价格行情分布,贵州,1.05
油桃,一亩田2020-06-21油桃价格行情分布,浙江,1.82
油桃,一亩田2020-06-21油桃价格行情分布,云南,2.41
油桃,一亩田2020-06-21油桃价格行情分布,江苏,3.85
油桃,一亩田2020-06-21油桃价格行情分布,湖北,1.33
油桃,一亩田2020-06-21油桃价格行情分布,天津,2.19
李子,一亩田2020-06-21李子价格行情分布,江苏,21.4
李子,一亩田2020-06-21李子价格行情分布,辽宁,2.74
李子,一亩田2020-06-21李子价格行情分布,福建,2.64
李子,一亩田2020-06-21李子价格行情分布,四川,5.04
李子,一亩田2020-06-21李子价格行情分布,上海,0.96
李子,一亩田2020-06-21李子价格行情分布,湖北,2.35
毛桃,一亩田2020-06-21毛桃价格行情分布,山东,2.11
毛桃,一亩田2020-06-21毛桃价格行情分布,甘肃,2.06
毛桃,一亩田2020-06-21毛桃价格行情分布,云南,3.17
毛桃,一亩田2020-06-21毛桃价格行情分布,陕西,1.34
毛桃,一亩田2020-06-21毛桃价格行情分布,河南,1.82
毛桃,一亩田2020-06-21毛桃价格行情分布,贵州,1.96
毛桃,一亩田2020-06-21毛桃价格行情分布,北京,2.68
毛桃,一亩田2020-06-21毛桃价格行情分布,上海,2.36
毛桃,一亩田2020-06-21毛桃价格行情分布,江苏,4.95
毛桃,一亩田2020-06-21毛桃价格行情分布,辽宁,8.06
苹果,一亩田2020-06-21苹果价格行情分布,上海,1.9
苹果,一亩田2020-06-21苹果价格行情分布,江西,1.1
苹果,一亩田2020-06-21苹果价格行情分布,陕西,2.3
苹果,一亩田2020-06-21苹果价格行情分布,辽宁,2.4
苹果,一亩田2020-06-21苹果价格行情分布,山西,1.44
刺角瓜,一亩田2020-06-21刺角瓜价格行情分布,福建,8
刺角瓜,一亩田2020-06-21刺角瓜价格行情分布,江西,10
刺角瓜,一亩田2020-06-21刺角瓜价格行情分布,安徽,19
刺角瓜,一亩田2020-06-21刺角瓜价格行情分布,湖南,5.25
脆瓜,一亩田2020-06-21脆瓜价格行情分布,浙江,1.15
脆瓜,一亩田2020-06-21脆瓜价格行情分布,河南,1.4
脆瓜,一亩田2020-06-21脆瓜价格行情分布,海南,17.13
脆瓜,一亩田2020-06-21脆瓜价格行情分布,陕西,6.83
脆瓜,一亩田2020-06-21脆瓜价格行情分布,安徽,0.65
脆瓜,一亩田2020-06-21脆瓜价格行情分布,山东,2.02
人参果,一亩田2020-06-21人参果价格行情分布,甘肃,4.26
人参果,一亩田2020-06-21人参果价格行情分布,山东,2
人参果,一亩田2020-06-21人参果价格行情分布,青海,83.33
人参果,一亩田2020-06-21人参果价格行情分布,福建,6.43
人参果,一亩田2020-06-21人参果价格行情分布,河南,18.8
人参果,一亩田2020-06-21人参果价格行情分布,吉林,6
人参果,一亩田2020-06-21人参果价格行情分布,云南,5.5
人参果,一亩田2020-06-21人参果价格行情分布,陕西,5.16
哈密瓜,一亩田2020-06-21哈密瓜价格行情分布,河北,1.31
哈密瓜,一亩田2020-06-21哈密瓜价格行情分布,福建,1
哈密瓜,一亩田2020-06-21哈密瓜价格行情分布,广东,1.5
哈密瓜,一亩田2020-06-21哈密瓜价格行情分布,四川,1.62
哈密瓜,一亩田2020-06-21哈密瓜价格行情分布,河南,1.11
哈密瓜,一亩田2020-06-21哈密瓜价格行情分布,湖南,1.39
哈密瓜,一亩田2020-06-21哈密瓜价格行情分布,北京,1.56
哈密瓜,一亩田2020-06-21哈密瓜价格行情分布,广西,1.59
毛桃,一亩田2020-06-21毛桃价格行情分布,山西,2.03
人参果,一亩田2020-06-21人参果价格行情分布,江苏,7
哈密瓜,一亩田2020-06-21哈密瓜价格行情分布,安徽,1.12
哈密瓜,一亩田2020-06-21哈密瓜价格行情分布,山东,1.51
哈密瓜,一亩田2020-06-21哈密瓜价格行情分布,青海,1.73
哈密瓜,一亩田2020-06-21哈密瓜价格行情分布,天津,0.96
哈密瓜,一亩田2020-06-21哈密瓜价格行情分布,陕西,1.5
哈密瓜,一亩田2020-06-21哈密瓜价格行情分布,上海,1
甜瓜,一亩田2020-06-21甜瓜价格行情分布,陕西,1.8
甜瓜,一亩田2020-06-21甜瓜价格行情分布,安徽,1.19
甜瓜,一亩田2020-06-21甜瓜价格行情分布,浙江,1.47
甜瓜,一亩田2020-06-21甜瓜价格行情分布,江苏,6.85
甜瓜,一亩田2020-06-21甜瓜价格行情分布,黑龙江,3.48
甜瓜,一亩田2020-06-21甜瓜价格行情分布,重庆,12
甜瓜,一亩田2020-06-21甜瓜价格行情分布,广西,3.22
甜瓜,一亩田2020-06-21甜瓜价格行情分布,福建,0.82
甜瓜,一亩田2020-06-21甜瓜价格行情分布,江西,2.09
甜瓜,一亩田2020-06-21甜瓜价格行情分布,新疆,2.87
哈密瓜,一亩田2020-06-21哈密瓜价格行情分布,湖北,1.15
哈密瓜,一亩田2020-06-21哈密瓜价格行情分布,重庆,1.03
哈密瓜,一亩田2020-06-21哈密瓜价格行情分布,西藏,1.58
哈密瓜,一亩田2020-06-21哈密瓜价格行情分布,山西,1.06
哈密瓜,一亩田2020-06-21哈密瓜价格行情分布,宁夏,1.8
哈密瓜,一亩田2020-06-21哈密瓜价格行情分布,内蒙古,0.99
哈密瓜,一亩田2020-06-21哈密瓜价格行情分布,新疆,3.48
哈密瓜,一亩田2020-06-21哈密瓜价格行情分布,甘肃,1.47
哈密瓜,一亩田2020-06-21哈密瓜价格行情分布,贵州,1.53
哈密瓜,一亩田2020-06-21哈密瓜价格行情分布,云南,1.81
甜瓜,一亩田2020-06-21甜瓜价格行情分布,吉林,2.14
甜瓜,一亩田2020-06-21甜瓜价格行情分布,海南,3.55
甜瓜,一亩田2020-06-21甜瓜价格行情分布,河北,1.91
甜瓜,一亩田2020-06-21甜瓜价格行情分布,天津,1.47
甜瓜,一亩田2020-06-21甜瓜价格行情分布,广东,2.1
甜瓜,一亩田2020-06-21甜瓜价格行情分布,四川,2.08
甜瓜,一亩田2020-06-21甜瓜价格行情分布,山西,3.36
哈密瓜,一亩田2020-06-21哈密瓜价格行情分布,浙江,1.24
哈密瓜,一亩田2020-06-21哈密瓜价格行情分布,黑龙江,1
哈密瓜,一亩田2020-06-21哈密瓜价格行情分布,吉林,1.09
哈密瓜,一亩田2020-06-21哈密瓜价格行情分布,江苏,3
哈密瓜,一亩田2020-06-21哈密瓜价格行情分布,海南,1.72
哈密瓜,一亩田2020-06-21哈密瓜价格行情分布,江西,1.02
哈密瓜,一亩田2020-06-21哈密瓜价格行情分布,辽宁,1.1
甜瓜,一亩田2020-06-21甜瓜价格行情分布,内蒙古,9.61
甜瓜,一亩田2020-06-21甜瓜价格行情分布,湖北,1.19
甜瓜,一亩田2020-06-21甜瓜价格行情分布,云南,3.5
甜瓜,一亩田2020-06-21甜瓜价格行情分布,辽宁,2.54
甜瓜,一亩田2020-06-21甜瓜价格行情分布,湖南,2.2
甜瓜,一亩田2020-06-21甜瓜价格行情分布,上海,2.2
甜瓜,一亩田2020-06-21甜瓜价格行情分布,河南,1.87
甜瓜,一亩田2020-06-21甜瓜价格行情分布,山东,1.69
甜瓜,一亩田2020-06-21甜瓜价格行情分布,甘肃,1.1
